Time,Intensity,Phase,Polarization Angle,Wavelength
2004-04-22 06:20:49.118000+00:00,0.00012136688,67.59111816055,IR,928
2004-05-09 05:17:49.576000+00:00,0.0034239516,67.472917424396,IR,928
2004-04-22 06:43:29.601000+00:00,0.0016440754,67.582233250886,IR,938
2004-04-22 07:06:49.100000+00:00,0.00025983152,67.573052626979,IR,928
2004-05-09 05:40:30.060000+00:00,0.025944168,67.459308464036,IR,938
2004-05-09 06:03:49.558000+00:00,0.0013287429,67.445288291411,IR,928
2004-05-22 05:31:38.759000+00:00,0.0032794129,70.248785849261,IR,938
2004-05-22 05:32:59.763000,0.0029367825,70.248586208106,IR,938
2004-05-22 05:35:04.766000+00:00,0.0023070022,70.248277299818,IR,938
2004-05-22 05:36:36.765000+00:00,0.00023319248,70.248049309474,IR,928
2004-05-22 05:46:25.761000+00:00,0.0008959971,70.246576779149,IR,750
2004-05-22 08:01:38.701000+00:00,0.0033197484,70.224032138772,IR,938
2004-05-22 08:02:59.704000+00:00,0.0018870324,70.223785849692,IR,938
2004-05-22 08:05:04.707000+00:00,0.0024158214,70.223404959308,IR,938
2004-05-22 08:16:25.754000+00:00,0.00060744566,70.221312309526,IR,750
2004-05-22 10:31:38.642000+00:00,0.0085312119,70.19412259718,IR,938
2004-05-22 10:32:59.645000,0.006170671,70.193830167273,IR,938
2004-05-22 10:36:36.656000+00:00,0.0006382984,70.19304469936,IR,928
2004-05-22 10:35:04.648000+00:00,0.0037732809,70.193378082543,IR,938
2004-05-22 10:46:25.695000+00:00,0.0012258618,70.19089775639,IR,750
2004-05-22 13:01:38.583000+00:00,0.0022861946,70.159118167406,IR,938
2004-05-22 13:05:04.590000+00:00,0.0044295941,70.158257809604,IR,938
2004-05-22 13:02:59.587000+00:00,0.0084713111,70.158780180275,IR,938
2004-05-22 13:06:36.597000+00:00,0.00050820108,70.157872705491,IR,928
2004-05-22 13:16:25.636000+00:00,0.0049664276,70.155394789436,IR,750
2004-05-23 03:06:39.253000+00:00,0.001046236,69.870472191621,IR,938
2004-05-23 03:10:05.259000+00:00,0.0015263007,69.868995962873,IR,938
2004-05-23 03:08:00.257000+00:00,0.0017284934,69.869892001529,IR,938
2004-05-23 03:11:37.267000+00:00,0.0002036369,69.868335878586,IR,928
2004-05-23 03:21:26.306000+00:00,0.0002871945,69.864098888833,IR,750
2004-05-23 05:36:39.195000+00:00,0.0019565837,69.803805089151,IR,938
2004-05-23 05:38:00.198000,0.0017199155,69.803185030502,IR,938
2004-05-23 05:40:05.201000+00:00,0.0015897597,69.802227467673,IR,938
2004-05-23 05:41:37.208000+00:00,0.00018180571,69.801522126272,IR,928
2004-05-23 05:51:26.247000+00:00,0.00031153712,69.796995643047,IR,750
2004-05-24 07:34:38.586000+00:00,0.001793607,68.87790408333,IR,938
2004-05-24 07:35:59.589000+00:00,0.0017609274,68.876943053427,IR,938
2004-05-24 07:38:04.592000+00:00,0.0021902802,68.875459549726,IR,938
2004-05-24 07:39:36.600000+00:00,0.00015744824,68.874367271874,IR,928
2004-05-24 07:49:25.639000+00:00,0.00036054861,68.867367436554,IR,750
2004-05-24 10:04:39.527000+00:00,0.0015644587,68.769732921267,IR,938
2004-05-24 10:06:00.531000+00:00,0.0015559663,68.768747017779,IR,938
2004-05-24 10:08:05.533000+00:00,0.0013256833,68.767225187075,IR,938
2004-05-24 10:09:37.541000+00:00,0.00019394206,68.766104710522,IR,928
2004-05-24 10:19:26.580000,0.00039483307,68.758924762224,IR,750
2004-05-24 12:34:39.469000+00:00,0.0027843788,68.658895309941,IR,938
2004-05-24 12:38:05.475000+00:00,0.0030532414,68.656328256318,IR,938
2004-05-24 12:49:26.521000+00:00,0.00057231629,68.647832372438,IR,750
2004-05-24 15:02:09.411000+00:00,0.0018465958,68.547458542093,IR,938
2004-05-24 15:03:30.414000+00:00,0.0017787033,68.546427874686,IR,938
2004-05-24 15:05:35.417000+00:00,0.0013949584,68.544836987897,IR,938
2004-05-24 15:07:07.425000+00:00,0.00016416193,68.543665733771,IR,928
2004-05-25 02:59:39.131000+00:00,0.0023044066,67.976208647123,IR,938
2004-05-25 03:01:00.134000+00:00,0.0022309038,67.975095512314,IR,938
2004-05-25 03:03:05.137000+00:00,0.0021464676,67.973377497708,IR,938
2004-05-25 03:04:37.144000+00:00,0.00047796458,67.972112790075,IR,928
2004-05-25 03:14:26.183000+00:00,0.0014645432,67.964012327873,IR,750
2004-05-25 05:29:39.072000+00:00,0.028434131,67.851824796941,IR,938
2004-05-25 05:31:00.075000+00:00,0.02516455,67.850699083253,IR,938
2004-05-25 05:33:05.078000+00:00,0.03126597,67.848961685835,IR,938
2004-05-25 05:34:37.086000+00:00,0.0060501797,67.847682720128,IR,928
2004-05-25 05:44:26.125000+00:00,0.0078078276,67.839491513676,IR,750
2004-05-25 07:59:39.013000,0.010817681,67.726133215403,IR,938
2004-05-25 08:01:00.017000+00:00,0.028822737,67.724996542227,IR,938
2004-05-25 08:03:05.020000+00:00,0.012327183,67.723242282802,IR,938
2004-05-25 08:04:37.027000+00:00,0.00086162606,67.721950942326,IR,928
2004-05-25 08:14:26.066000+00:00,0.030255515,67.71368087266,IR,750
2004-05-25 10:29:38.955000+00:00,0.013820601,67.599315724223,IR,938
2004-05-25 10:30:59.958000+00:00,0.0058436608,67.59816975918,IR,938
2004-05-25 10:33:04.961000+00:00,0.022339994,67.596401167992,IR,938
2004-05-25 10:34:36.968000+00:00,0.002191274,67.595099301279,IR,928
2004-05-25 10:44:26.008000+00:00,0.026327383,67.586762279178,IR,750
2004-05-25 12:59:38.896000+00:00,0.014818729,67.471554784705,IR,938
2004-05-25 13:00:59.899000+00:00,0.03269564,67.470401157945,IR,938
2004-05-25 13:03:04.902000+00:00,0.015416813,67.468620772343,IR,938
2004-05-25 13:14:25.949000+00:00,0.017179059,67.458918244443,IR,750
2004-05-25 13:04:36.910000+00:00,0.01119717,67.467310232786,IR,928
2004-05-26 02:56:39.569000+00:00,0.0039368984,66.749806052523,IR,938
2004-05-26 02:58:00.572000+00:00,0.0044766357,66.748639939007,IR,938
2004-05-26 03:00:05.575000+00:00,0.0062328293,66.746840446413,IR,938
2004-05-26 03:01:37.583000+00:00,0.0026191575,66.745515969173,IR,928
2004-05-26 03:11:26.622000+00:00,0.0016518645,66.737037281685,IR,750
2004-05-26 05:26:39.510000+00:00,0.011714281,66.620403397836,IR,938
2004-05-26 05:28:00.514000+00:00,0.018617507,66.619240449821,IR,938
2004-05-26 05:30:05.517000+00:00,0.02868513,66.617445893338,IR,938
2004-05-26 05:31:37.524000+00:00,0.0043263836,66.616125086136,IR,928
2004-05-26 05:41:26.563000+00:00,0.00088465906,66.607670253999,IR,750
2004-05-27 07:23:38.902000+00:00,0.0017311973,65.336708979857,IR,938
2004-05-27 07:24:59.905000+00:00,0.0024737858,65.335674663362,IR,938
2004-05-27 07:27:04.908000+00:00,0.0023812889,65.334078881298,IR,938
2004-05-27 07:28:36.916000+00:00,0.00024485873,65.332904594659,IR,928
2004-05-27 07:38:25.955000+00:00,0.00049164135,65.325392459969,IR,750
2004-05-27 09:53:38.843000+00:00,0.0017257459,65.222954091947,IR,938
2004-05-27 09:54:59.847000+00:00,0.0019400291,65.221941169141,IR,938
2004-05-27 09:57:04.850000+00:00,0.0012839887,65.220378448213,IR,938
2004-05-27 09:58:36.857000+00:00,0.00027577922,65.21922852978,IR,928
2004-05-27 10:08:25.896000+00:00,0.00055607682,65.211872746741,IR,750
2004-05-27 12:23:38.785000+00:00,0.0021504008,65.111662482797,IR,938
2004-05-27 12:24:59.788000+00:00,0.0023058325,65.11067251924,IR,938
2004-05-27 12:27:04.791000+00:00,0.0023336771,65.109145236585,IR,938
2005-05-05 17:23:13.307000+00:00,1.7882636e-05,136.7279519927,120,343
2005-05-05 17:24:25.306000+00:00,9.246837e-05,136.71118715823,60,343
2005-05-05 17:25:50.314000+00:00,3.7484966e-05,136.69140203902,0,343
2005-05-05 17:27:08.317000+00:00,9.2237955e-05,136.67325570652,0,441
2005-05-05 17:28:22.316000+00:00,0.00015552006,136.65604828779,60,441
2005-05-05 17:29:34.316000+00:00,0.00020913636,136.63931265511,120,441
2005-05-05 17:30:17.910000+00:00,9.7877972e-05,136.62918302294,120,569
2005-05-05 17:30:50.910000+00:00,0.00011167578,136.62151671314,60,569
2005-05-05 17:31:23.719000+00:00,3.5974939e-05,136.61389620019,0,569
2005-05-05 17:32:09.523000+00:00,0.00017985441,136.60325972786,0,619
2005-05-05 17:32:50.430000+00:00,0.00022201007,136.59376276256,60,619
2005-05-05 17:33:30.430000+00:00,0.00030134304,136.58447850037,120,619
2005-05-05 17:35:38.190000+00:00,0.00018103771,136.5548386924,IR,750
2005-05-05 17:39:37.281000+00:00,3.2653112e-05,136.49942828051,IR,727
2005-05-05 17:41:21.288000+00:00,0.00013693419,136.4753476534,IR,938
2006-03-20 14:36:01.386000+00:00,0.0001382045,115.38983241984,120,343
2006-03-20 14:36:33.386000+00:00,0.00012738914,115.3957206901,60,343
2006-03-20 14:37:11.893000+00:00,0.00021228071,115.40281678053,0,343
2006-03-20 14:37:59.397000+00:00,0.00036899722,115.4115866257,0,441
2006-03-20 14:38:55.396000+00:00,0.0001413288,115.42194717165,60,441
2006-03-20 14:39:51.396000+00:00,0.00028222881,115.43233219019,120,441
2006-03-20 14:40:23.650000+00:00,0.00025239686,115.43832462609,120,569
2006-03-20 14:40:56.650000+00:00,0.00015172086,115.44446401754,60,569
2006-03-20 14:41:35.803000+00:00,0.00025756611,115.4517590993,0,569
2006-03-20 14:42:22.011000+00:00,0.00059420778,115.46038402121,0,619
2006-03-20 14:43:10.010000+00:00,0.00038119798,115.46936084074,60,619
2006-03-20 14:48:58.428000+00:00,0.00060019264,115.53506181924,IR,727
2006-03-20 14:43:58.010000+00:00,0.00048928696,115.47835580292,120,619
2006-03-20 14:46:14.413000+00:00,0.00058207021,115.50401524654,IR,750
2006-03-20 14:50:04.427000+00:00,0.00071995583,115.54761444406,IR,938
2006-07-05 01:49:44.718000+00:00,0.029215375,121.66716845751,IR,727
2006-07-05 01:51:54.725000+00:00,0.03263874,121.67496342953,IR,938
2006-12-25 15:08:01.152000+00:00,0.012975799,123.48628462135,120,343
2006-12-25 15:10:01.151000+00:00,0.0121968,123.477870197,60,343
2006-12-25 15:12:01.150000+00:00,0.0069539743,123.46945843926,0,343
2006-12-25 15:13:25.157000+00:00,0.013301289,123.46357125645,0,441
2006-12-25 15:14:37.157000+00:00,0.021839293,123.45852656089,60,441
2006-12-25 15:15:49.156000+00:00,0.021184152,123.45348289618,120,441
2006-12-25 15:16:37.560000+00:00,0.045065843,123.45009264555,120,569
2006-12-25 15:17:10.560000+00:00,0.050939772,123.44778155108,60,569
2006-12-25 15:17:43.560000+00:00,0.027966693,123.44547065853,0,569
2006-12-25 15:18:29.363000+00:00,0.040619042,123.44226354437,0,619
2006-12-25 15:19:17.363000+00:00,0.062836803,123.43890301437,60,619
2006-12-25 15:20:05.363000+00:00,0.058912899,123.43554291174,120,619
2006-12-25 15:22:25.134000+00:00,0.083817661,123.4257610776,IR,750
2006-12-25 15:27:37.125000+00:00,0.059681229,123.4039395568,IR,727
2006-12-25 15:29:47.131000+00:00,0.098537065,123.39485191088,IR,938
2007-03-12 22:39:25.757000+00:00,0.0006373311,54.625995832837,120,619
2007-03-29 00:28:02.048000+00:00,0.002751515,46.860937597776,120,343
2007-03-29 00:29:14.048000+00:00,0.002892802,46.860219383341,60,343
2007-03-29 00:30:26.047000+00:00,0.0022131398,46.859502341544,0,343
2007-03-29 00:32:01.055000+00:00,0.0034180561,46.858557931966,0,441
2007-03-29 00:33:45.054000+00:00,0.0043545179,46.857526471891,60,441
2007-03-29 00:35:29.053000+00:00,0.0042536445,46.856497440852,120,441
2007-03-29 00:36:13.157000+00:00,0.0095910067,46.856061782118,120,569
2007-03-29 00:36:46.157000+00:00,0.0088641746,46.855736094467,60,569
2007-03-29 00:37:19.057000+00:00,0.0082208738,46.855411637426,0,569
2007-03-29 00:38:03.060000+00:00,0.0094588231,46.854978063914,0,619
2007-03-29 00:38:51.960000+00:00,0.010123923,46.854496749718,60,619
2007-12-23 09:04:54.835000+00:00,0.0010864681,42.422787484191,120,343
2007-12-23 09:06:38.835000+00:00,0.0012344194,42.416292805111,60,343
2007-12-23 09:10:06.833000+00:00,0.0011412499,42.403300472565,0,441
2007-12-23 09:08:22.834000+00:00,0.00093437935,42.409797154801,0,343
2007-12-23 09:11:50.832000+00:00,0.0014768661,42.396802760193,60,441
2007-12-23 09:13:34.832000+00:00,0.0014682324,42.390303956966,120,441
2007-12-23 09:15:13.839000+00:00,0.0017898633,42.384116204885,60,569
2007-12-23 09:14:18.839000+00:00,0.001401864,42.387553716656,120,569
2007-12-23 09:16:08.839000+00:00,0.0015371284,42.380678406438,0,569
2007-12-23 09:17:15.742000+00:00,0.0019751468,42.376496219884,0,619
2007-12-23 09:18:25.741000+00:00,0.0023459503,42.372120045514,60,619
2007-12-23 09:19:35.741000+00:00,0.0020973834,42.367743345794,120,619
2007-12-23 09:27:00.806000+00:00,0.002228399,42.339905184375,IR,727
2007-12-23 09:22:25.316000+00:00,0.002309829,42.357138875211,IR,750
2008-01-08 16:35:19.874000+00:00,0.00062194216,47.958388844702,120,343
2007-12-23 09:28:54.806000+00:00,0.0032839538,42.332771662038,IR,938
2008-01-08 16:36:36.877000+00:00,0.001253497,47.953233167928,60,343
2008-01-08 16:38:15.884000+00:00,0.0015349025,47.946603566771,0,343
2008-01-08 16:40:29.991000+00:00,0.0022947837,47.937622448568,120,569
2008-01-08 16:41:24.995000+00:00,0.0033931667,47.933938447224,60,569
2008-01-08 16:42:19.894000+00:00,0.0033989623,47.930261249755,0,569
2008-01-08 16:43:26.802000+00:00,0.0043155812,47.925779367173,0,619
2008-01-08 16:44:36.801000+00:00,0.0037988178,47.921090069091,60,619
2008-01-08 16:45:46.801000+00:00,0.0028490168,47.916400333662,120,619
2008-01-08 16:48:35.400000+00:00,0.0080454666,47.905103320096,IR,750
2008-01-20 14:31:57.605000+00:00,0.00040764641,57.516514875544,120,343
2008-01-20 14:33:09.604000+00:00,0.0004846598,57.522384637473,60,343
2008-01-20 14:34:48.612000+00:00,0.00027503903,57.530454921203,0,343
2008-01-20 14:36:32.611000+00:00,0.00040999838,57.538930277933,0,441
2008-01-20 14:38:16.610000+00:00,0.0006861249,57.547403840157,60,441
2008-01-20 14:40:00.609000+00:00,0.000632693,57.555875606978,120,441
2008-01-20 14:40:44.713000+00:00,0.00056910032,57.559467779946,120,569
2008-01-20 14:41:39.713000+00:00,0.0006897042,57.563946955231,60,569
2008-01-20 14:42:34.612000+00:00,0.00054399774,57.56841740383,0,569
2008-01-20 14:43:41.516000+00:00,0.00083288259,57.573864747387,0,619
2008-01-20 14:44:51.515000+00:00,0.0011759218,57.57956329009,60,619
2008-01-20 14:46:01.515000+00:00,0.0011085101,57.585261099243,120,619
2008-01-20 14:48:49.586000+00:00,0.00093881902,57.598938291262,IR,750
2008-01-20 14:53:10.576000+00:00,0.00061897613,57.62016767133,IR,727
2008-11-15 11:41:23.863000+00:00,0.0061976095,49.861742717087,120,441
2008-11-15 11:44:41.861999,0.0028791763,49.926699782626,0,343
2008-11-15 11:48:41.860000+00:00,0.0035419555,50.005539516498,60,343
2008-11-15 11:52:10.859000+00:00,0.0035629994,50.074289143685,120,343
2009-03-31 03:25:46.040000+00:00,0.00073281961,106.03378056791,120,343
2009-03-31 03:26:26.039000+00:00,0.0007913005,106.03382332567,60,343
2009-03-31 03:27:06.039000+00:00,0.0020555574,106.03386608881,0,343
2009-03-31 03:28:05.450000,0.0013809063,106.03392961187,120,441
2009-03-31 03:28:37.450000,0.0013041979,106.03396383067,60,441
2009-03-31 03:29:09.450000,0.0033116636,106.03399805226,0,441
2009-03-31 03:29:48.654000+00:00,0.0025412729,106.03403998177,120,569
2009-03-31 03:30:05.657000+00:00,0.0025615836,106.03405816813,60,569
2009-03-31 03:30:22.657000+00:00,0.0054576178,106.03407635207,0,569
2009-03-31 03:31:15.469000,0.0033339295,106.0341328471,120,619
2009-03-31 03:31:47.468000+00:00,0.0034000406,106.03416708133,60,619
2009-03-31 03:32:19.468000+00:00,0.0066723535,106.03420131944,0,619
2009-03-31 03:33:48.175000+00:00,0.0029582449,106.03429624521,60,619
2009-03-31 03:33:16.176000+00:00,0.0029070182,106.03426200048,120,619
2009-03-31 03:34:20.175000+00:00,0.0064036553,106.03433049382,0,619
2009-03-31 03:35:22.575000+00:00,0.006503494,106.03439728663,120,750
2009-03-31 03:36:26.574000+00:00,0.010459763,106.03446580199,0,750
2009-03-31 03:37:30.574000+00:00,0.0035384689,106.03453432958,120,727
2009-03-31 03:38:02.573000+00:00,0.0037636904,106.03456859647,60,727
2009-03-31 03:38:34.573000+00:00,0.0073802858,106.03460286724,0,727
2009-03-31 03:55:46.027000+00:00,0.00037478699,106.03570901213,120,343
2009-03-31 03:56:26.027000+00:00,0.0014284074,106.0357519673,60,343
2009-03-31 03:57:06.026000+00:00,0.0014975149,106.0357949258,0,343
2009-03-31 03:58:05.438000+00:00,0.00050058658,106.03585874173,120,441
2009-03-31 03:58:37.437000+00:00,0.0024407399,106.03589311669,60,441
2009-03-31 03:59:09.437000+00:00,0.0027695445,106.03592749553,0,441
2009-03-31 03:59:48.641000+00:00,0.0016237251,106.03596961773,120,569
2009-03-31 04:00:05.645000+00:00,0.0044869157,106.03598788877,60,569
2009-03-31 04:00:22.644000+00:00,0.004481161,106.03600615522,0,569
2009-03-31 04:01:15.452000+00:00,0.0021401306,106.03606290569,120,619
2009-03-31 04:01:47.452000+00:00,0.0057199397,106.03609729842,60,619
2009-03-31 04:02:19.451000+00:00,0.0057069338,106.0361316929,0,619
2009-03-31 04:03:16.159000+00:00,0.0017333473,106.036192653,120,619
2009-03-31 04:03:48.159000+00:00,0.0052530533,106.03622705637,60,619
2009-03-31 04:04:20.158000+00:00,0.0054485644,106.03626146146,0,619
2009-03-31 04:05:22.558000+00:00,0.0051093306,106.03632856159,120,750
2009-03-31 04:05:54.558000+00:00,0.0094737886,106.03636297608,60,750
2009-03-31 04:06:26.557000+00:00,0.0099177314,106.03639739231,0,750
2009-03-31 04:07:30.557000+00:00,0.0027919577,106.03646623539,120,727
2009-03-31 04:08:02.557000+00:00,0.0062847561,106.03650066114,60,727
2009-03-31 04:08:34.557000+00:00,0.006453576,106.03653508974,0,727
2009-03-31 04:25:46.014000+00:00,0.00056931487,106.03764634244,120,343
2009-03-31 04:26:26.014000+00:00,0.0017296687,106.03768949625,60,343
2009-03-31 04:27:06.013000+00:00,0.00075807131,106.03773265345,0,343
2009-03-31 04:28:05.425000+00:00,0.0010100449,106.03779676461,120,441
2009-03-31 04:28:37.425000+00:00,0.0028165767,106.0378312997,60,441
2010-03-05 20:36:49.721000+00:00,0.096060015,37.807238724451,60,51
2010-03-05 19:54:01.689000+00:00,0.09077967,37.213638305285,0,51
2010-04-24 02:55:33.141000+00:00,0.061638661,82.186044287754,0,51
2010-03-05 21:21:17.702000+00:00,0.094222359,38.41572480002,120,51
2010-04-24 02:56:35.464000+00:00,0.087465122,82.188666111648,60,51
2010-04-24 02:57:36.408000+00:00,0.091773242,82.191231572886,120,51
2010-04-24 02:58:08.998000+00:00,0.043397274,82.192604130726,IR,51
2010-06-13 13:04:47.418000,0.099465914,86.35239179875,IR,51
2010-06-13 13:05:56.371000+00:00,0.10722873,86.360224364227,0,51
2010-06-13 13:06:58.051000+00:00,0.058406089,86.367231217986,60,51
2010-06-13 13:08:00.150000+00:00,0.059328485,86.37428609845,120,51
2010-06-25 22:32:12.714000+00:00,0.082097761,56.357930154055,0,51
2010-06-25 22:34:16.717000+00:00,0.074343376,56.368708292933,120,51
2010-06-25 22:33:14.657000+00:00,0.10392014,56.363313965664,60,51
2010-06-25 22:35:37.770000,0.065079816,56.375754036124,IR,51
2010-06-28 22:19:04.872000+00:00,0.077058583,81.702837867442,0,51
2010-06-28 22:20:06.655000+00:00,0.050122067,81.709626394014,60,51
2010-06-28 22:21:08.745000+00:00,0.034073081,81.716449056554,120,51
2010-06-28 22:22:29.932000,0.068206117,81.725370773807,IR,51
2011-03-09 14:16:52.124000+00:00,0.0746461,69.778651309415,120,750
2011-03-11 13:59:22.040000+00:00,0.051787715,82.903993875088,0,750
2011-03-11 14:00:50.043000+00:00,0.06861347,82.911733935516,60,750
2011-03-11 14:02:22.046000+00:00,0.06239095,82.919826790065,120,750
2011-03-29 18:19:16.118000+00:00,0.010832064,81.62060915907,0,750
2011-03-29 18:20:43.122000+00:00,0.0057713795,81.628278400781,60,750
2011-03-29 18:22:17.121000+00:00,0.0035617198,81.636563357439,120,750
2011-04-12 11:03:59.644000+00:00,0.12778579,88.039982977154,0,750
2011-04-12 11:05:29.647000+00:00,0.069858871,88.049179208964,60,750
2011-04-12 11:07:03.646000+00:00,0.068987899,88.058785775222,120,750
2011-04-25 17:29:24.395000+00:00,0.13301921,47.536034140612,0,750
2011-04-25 17:30:43.895000+00:00,0.13471253,47.543024257454,60,750
2011-04-25 17:32:00.394000+00:00,0.14274333,47.54975075511,120,750
2011-05-12 09:41:25.796000+00:00,0.15420039,11.073575245646,0,750
2011-05-12 09:42:43.795000+00:00,0.14114237,11.082840079742,60,750
2011-05-12 09:44:01.795000+00:00,0.14482127,11.092123366823,120,750
2011-05-16 15:59:37.970000+00:00,0.012485255,56.017886812258,0,750
2011-05-16 16:00:59.477000+00:00,0.020884305,56.023951737218,60,750
2011-05-16 16:02:15.976000+00:00,0.018291911,56.029642310701,120,750
2011-05-16 16:03:47.980000+00:00,0.016898196,56.036484073594,IR,750
2011-12-26 08:46:59.154000+00:00,0.013181152,77.48866263876,60,750
2011-12-26 08:48:15.654000+00:00,0.016813239,77.495953242851,120,750
2012-01-08 01:02:25.224000+00:00,0.083783254,33.046002093623,0,750
2012-01-08 01:03:43.224000+00:00,0.087368868,33.056102363182,60,750
2012-01-08 01:05:01.223000+00:00,0.097540557,33.066201386112,120,750
2012-01-09 18:32:23.779000+00:00,0.061498128,50.421322765687,0,750
2012-01-09 18:33:43.279000+00:00,0.053767364,50.429575847172,60,750
2012-01-09 18:35:01.278000+00:00,0.059941866,50.437672115409,120,750
2012-01-21 00:29:25.095000+00:00,0.14434516,42.698163524146,0,750
2012-01-21 00:30:43.095000+00:00,0.096559294,42.702015503043,60,750
2012-01-21 00:32:01.094000+00:00,0.10996753,42.705869142074,120,750
2012-01-23 00:04:23.510000+00:00,0.10989719,54.72001016659,0,750
2012-01-23 00:05:43.009000+00:00,0.12201235,54.727074710993,60,750
2012-01-23 00:07:01.009000+00:00,0.13206084,54.734007311112,120,750
2012-01-25 00:10:25.913000+00:00,0.13730669,73.383267407724,0,750
2012-01-25 00:11:56.416000+00:00,0.098833591,73.394968865795,60,750
2005-03-31 11:52:08.748000+00:00,0.0041474109,56.372733349069,90,939
2005-03-31 12:15:00.739000+00:00,0.0047647473,56.281755274843,90,939
2005-03-31 11:57:27.746000+00:00,0.0026396825,56.352141020025,0,939
2005-03-31 12:20:37.737000+00:00,0.0029910104,56.258394436773,0,939
2005-03-31 12:55:13.723000+00:00,0.0028210471,56.104247530312,0,939
2005-03-31 13:01:03.721000+00:00,0.0033285823,56.076319879988,0,939
2005-03-31 13:30:50.610000+00:00,0.0013349145,55.92334757346,0,728
2005-03-31 13:19:17.414000+00:00,0.0021917138,55.984883602194,90,728
2005-03-31 13:36:08.708000+00:00,0.0030717368,55.894090315001,0,939
2005-03-31 13:42:03.705000+00:00,0.0031480058,55.860634790757,0,939
2005-03-31 14:17:48.692000+00:00,0.0020488896,55.637871696344,0,752
2005-03-31 13:53:33.701000+00:00,0.00098216021,55.793025075468,0,890
2005-03-31 14:29:25.587000+00:00,0.0012941217,55.556622902391,0,728
2005-04-16 10:49:53.998000+00:00,0.0024838801,54.989630696284,0,890
2005-04-16 10:51:44.006000+00:00,0.001167802,54.989188468187,90,890
2005-04-16 10:57:41.976000,0.0058914837,54.98782998404,0,939
2005-04-16 10:59:27.983000+00:00,0.0033984908,54.987451613619,90,939
2005-04-16 12:20:37.925000,0.005249389,54.983388707358,0,939
2005-04-16 12:22:38.924000+00:00,0.0038194589,54.983664226927,90,939
2005-04-16 12:40:32.817000+00:00,0.0021106731,54.98705149046,0,728
2005-04-16 12:42:35.616000+00:00,0.0014840504,54.987551166087,90,728
2005-04-16 12:59:49.910000+00:00,0.0019499935,54.992742816116,0,890
2005-04-16 13:01:50.909000+00:00,0.0011881593,54.993470040627,90,890
2005-04-16 13:19:47.902000+00:00,0.0028991899,55.001139724783,0,752
2005-04-16 13:21:49.151000+00:00,0.0022918973,55.002144642182,90,752
2005-08-21 22:30:04.541000+00:00,0.0032552241,54.676954162975,0,939
2005-08-21 22:32:04.540000+00:00,0.0046931151,54.668885517339,90,939
2005-09-06 23:34:52.686000+00:00,0.002657593,51.306869441083,0,890
2005-09-06 23:36:38.693000+00:00,0.0015289531,51.302776319344,90,890
2005-09-06 23:43:04.660000+00:00,0.0068978635,51.287739936424,0,939
2005-09-06 23:44:50.663000+00:00,0.0043350938,51.283572783026,90,939
2005-09-07 00:30:30.634000+00:00,0.0077705234,51.169474633694,0,939
2005-09-07 00:33:03.633000+00:00,0.0051788124,51.162695228852,90,939
2005-12-26 13:29:45.578000+00:00,0.015928196,25.128670868943,90,890
2005-12-26 13:36:10.575000+00:00,0.016285295,25.007431658159,0,890
2005-12-26 13:49:27.820000+00:00,0.029427439,24.742145730211,90,752
2005-12-26 13:55:27.818000+00:00,0.030995756,24.615591240036,0,752
2005-12-26 14:07:35.763000+00:00,0.022329267,24.34560359699,90,728
2006-01-15 17:57:54.394000+00:00,0.0037481699,141.43707518801,0,939
2006-01-15 17:59:40.401000+00:00,0.0050554052,141.43013059597,90,939
2006-02-26 23:21:00.229000+00:00,0.025808834,17.384660912054,90,890
2006-02-26 23:59:12.465000+00:00,0.064442441,17.334425378746,0,752
2006-02-27 00:18:01.408000+00:00,0.04021433,17.307324883209,90,728
2006-03-19 05:44:26.147000+00:00,0.00082314294,114.07769924334,90,890
2006-03-19 05:45:54.150000+00:00,0.00043446876,114.06891763009,0,890
2006-03-19 05:47:40.654000+00:00,0.00046732364,114.05838103458,90,752
2006-03-19 05:48:19.558000+00:00,0.00027632815,114.05455681824,0,752
2006-03-19 05:49:33.869000+00:00,0.00043469621,114.04728834332,90,728
2006-03-19 05:50:19.072000+00:00,0.00030419888,114.04289003512,0,728
2006-03-19 12:47:25.970000+00:00,0.00053338479,112.78980510029,90,890
2006-03-19 12:48:53.973000+00:00,0.00014402924,112.78723720237,0,890
2006-03-19 12:50:40.477000+00:00,0.00070814323,112.78413738975,90,752
2006-03-19 12:52:33.691000+00:00,0.00047195228,112.78085176223,90,728
2006-03-19 12:51:19.384000+00:00,0.00030406489,112.78300715554,0,752
2006-04-30 14:28:10.300000+00:00,0.06621103,34.472846301437,0,752
2006-04-30 14:34:25.298000+00:00,0.084247738,34.501410752182,90,752
2006-03-19 12:53:18.895000+00:00,0.0002144583,112.77954259599,0,728
2006-04-30 17:09:14.766000+00:00,0.026629092,35.681641476493,0,890
2006-04-30 14:46:16.994000+00:00,0.041960362,34.558051548188,0,728
2006-04-30 14:51:59.491000+00:00,0.058802586,34.58652175725,90,728
2006-04-30 17:15:43.764000+00:00,0.03897991,35.766869769633,90,890
2006-04-30 17:28:02.451000+00:00,0.060893752,35.943592054126,90,728
2006-04-30 17:35:04.949000+00:00,0.04283262,36.054609193497,0,728
2006-04-30 17:47:43.994000+00:00,0.063479863,36.27545607895,0,752
2006-04-30 18:13:48.134000+00:00,0.08815112,36.842871352802,90,752
2006-04-30 18:20:13.981000+00:00,0.064325899,37.013147199306,0,752
2006-05-20 17:58:05.730000+00:00,0.0011722464,85.279319204778,0,890
2006-05-20 17:59:54.738000+00:00,0.00080981787,85.268149247732,90,890
2006-05-20 18:00:39.991000+00:00,0.0013965009,85.263544096845,90,752
2006-05-20 18:01:18.845000+00:00,0.0021009804,85.259604919962,0,752
2006-05-20 18:03:15.760000+00:00,0.0014350513,85.247833160992,0,728
2006-05-20 18:03:59.864000+00:00,0.0011296816,85.243423974079,90,728
2006-05-20 18:56:24.704000+00:00,0.0012191474,84.967177479102,0,890
2006-05-20 18:58:13.708000+00:00,0.00086920935,84.958760839752,90,890
2006-05-20 18:58:58.965000+00:00,0.001367246,84.955285935185,90,752
2006-05-20 18:59:38.119000+00:00,0.0018478528,84.952288816674,0,752
2006-05-20 19:01:34.734000+00:00,0.0014406124,84.943412360994,0,728
2006-05-20 19:02:18.837000+00:00,0.00092596875,84.94007471448,90,728
2006-05-20 20:28:47.673000+00:00,0.0011360782,84.607653105138,0,890
2006-05-20 20:30:48.680000+00:00,0.0007124769,84.601058851283,90,890
2006-05-20 20:32:11.087000+00:00,0.0015688104,84.596592585058,0,752
2006-05-20 20:31:32.084000+00:00,0.0011865188,84.598703997481,90,752
2006-05-20 20:34:07.702000+00:00,0.0011562004,84.590305849057,0,728
2006-05-20 20:34:51.806000+00:00,0.00090060727,84.58793834561,90,728
2006-05-20 21:12:02.656000+00:00,0.0010350026,84.474888331556,0,890
2006-05-20 21:14:03.663000+00:00,0.00080013351,84.469102806296,90,890
2006-05-20 21:14:47.067000+00:00,0.0011319685,84.467035612074,90,752
2006-05-20 21:15:25.771000+00:00,0.0014263662,84.46519580997,0,752
2006-05-20 21:17:22.686000+00:00,0.0010854604,84.459658404978,0,728
2006-10-25 09:36:26.285000+00:00,0.016094379,113.89990951954,90,752
2006-10-25 09:37:05.489000+00:00,0.042625349,113.89681904424,0,752
2006-10-25 09:38:19.496000+00:00,0.012551717,113.89096123825,90,728
2006-10-25 09:39:04.704000+00:00,0.034636151,113.88736751635,0,728
2007-03-26 09:05:05.488000+00:00,0.001809112,52.068147822178,0,939
2007-03-26 09:07:00.491000+00:00,0.00041016022,52.065137216791,0,890
2007-03-26 09:08:24.499000+00:00,0.00085986429,52.062942415483,90,890
2007-03-26 09:09:13.602000+00:00,0.00090586097,52.061661245934,0,752
2007-03-26 09:09:46.906000+00:00,0.0014830907,52.060793003779,90,752
2007-03-26 09:10:32.110000+00:00,0.0005338628,52.059615436384,0,728
2007-03-26 09:11:13.217000+00:00,0.00096067315,52.058545500718,90,728
2007-10-01 18:46:32.850000+00:00,0.11056414,151.37303283253,0,939
2007-10-01 18:47:52.853000+00:00,0.099020034,151.36957412764,90,939
2007-10-01 18:50:09.268000+00:00,0.011933945,151.36365282926,90,728
2007-10-01 18:51:15.638000+00:00,0.01239381,151.36076100621,0,752
2007-10-01 18:50:42.268000+00:00,0.0083714174,151.36221587756,0,728
2007-10-01 18:51:48.638000+00:00,0.015779689,151.35932047251,90,752
2007-12-04 14:27:42.270000+00:00,0.0021741888,136.92521186602,90,939
2007-12-04 14:30:11.381000+00:00,0.00041628815,136.91756618502,90,728
2007-12-04 14:30:44.389000+00:00,0.00048803756,136.91587034148,0,728
2007-12-04 14:31:17.948000+00:00,0.00077746023,136.91414493011,0,752
2007-12-04 14:31:50.948000+00:00,0.00038135986,136.91244701543,90,752
2008-01-05 11:35:51.848000+00:00,0.0024776726,127.27288192144,90,939
2008-01-05 11:34:07.845000+00:00,0.0015206891,127.2801034371,0,939
2008-01-05 11:38:26.862000+00:00,0.00041650553,127.26208581797,90,728
2008-01-05 11:38:59.966000+00:00,0.00034586902,127.25977513618,0,728
2008-01-06 06:13:00.370000+00:00,0.0018039742,56.983087415465,0,939
2008-01-05 11:39:33.526000+00:00,0.00035276607,127.25743076815,0,752
2008-01-05 11:40:06.456000+00:00,0.00060248468,127.25512858395,90,752
2008-01-06 06:13:41.870000+00:00,0.0031515779,56.984661721208,90,939
2009-02-07 18:12:56.117000+00:00,0.00098443741,105.28765774838,0,939
2009-02-07 18:14:46.117000+00:00,0.0021506678,105.2856048189,90,939
2009-02-07 18:19:24.125999,0.00063121831,105.28046754228,90,890
2009-02-07 18:20:58.126000+00:00,0.00019705844,105.27874688956,0,890
2009-02-07 18:22:13.133000+00:00,0.00018509173,105.27737974905,0,728
2009-02-07 18:23:19.536000+00:00,0.00040476603,105.27617373367,90,728
2009-02-07 18:25:39.539000+00:00,0.00084369048,105.27364411561,90,752
2009-02-07 18:25:06.540000+00:00,0.00042815221,105.27423875647,0,752
2009-03-27 14:09:48.750000+00:00,0.00064982695,105.61946256601,0,890
2009-03-27 14:08:54.742000+00:00,0.00021597407,105.61894581405,90,890
2009-03-27 14:02:40.733000+00:00,0.0019421563,105.61531931162,0,939
2009-03-27 14:04:30.732000+00:00,0.00099053315,105.61639468,90,939
2009-03-27 14:10:26.753000+00:00,0.0005010785,105.61982514825,0,728
2009-03-27 14:10:54.457000+00:00,0.00017639941,105.62008893323,90,728
2009-03-27 14:12:25.168000,0.00077435625,105.62094949608,0,752
2009-03-27 14:12:58.168000,0.00017055607,105.62126137242,90,752
2009-03-31 03:39:02.214000+00:00,0.0051643988,106.03463247192,0,728
2009-03-31 03:39:42.214000+00:00,0.0012542384,106.03467531731,90,728
2009-03-31 03:41:23.025000+00:00,0.0024410207,106.03478331884,90,752
2009-03-31 03:41:56.025000+00:00,0.0075784777,106.03481867863,0,752
2009-03-31 03:43:48.528000+00:00,0.0033003495,106.03493924898,90,939
2009-03-31 03:44:58.528000+00:00,0.006709089,106.03501428594,0,939
2009-03-31 04:09:02.202000+00:00,0.003996083,106.0365648351,0,728
2009-03-31 04:09:42.201000+00:00,0.0018505951,106.03660787677,90,728
2009-03-31 04:11:23.012000+00:00,0.003206288,106.03671637591,90,752
2009-03-31 04:11:56.012000+00:00,0.0057172426,106.03675189868,0,752
2009-03-31 04:14:58.515000+00:00,0.004674152,106.03694840788,0,939
2009-03-31 04:13:48.515000+00:00,0.00277447,106.03687302485,90,939
2009-08-25 21:33:25.807000+00:00,0.14172116,13.880499243387,90,939
2009-08-25 21:31:03.808000+00:00,0.13557836,13.878683469771,0,939
2009-08-25 21:38:34.813000+00:00,0.050252598,13.884454326098,90,890
2009-08-25 21:39:46.813000+00:00,0.048392057,13.885376589954,0,890
2009-08-25 21:40:31.516000+00:00,0.089997485,13.885949330966,0,728
2009-08-25 21:40:55.516000+00:00,0.094503097,13.886256863048,90,728
2009-08-25 21:44:07.084000+00:00,0.13487381,13.888712586626,90,752
2009-08-25 21:43:12.081000+00:00,0.13088264,13.888007319296,0,752
2009-12-11 15:31:50.895000+00:00,0.01085648,134.85993484183,90,890
2009-12-11 15:32:26.899000+00:00,0.0093984371,134.86290092287,0,890
2009-12-11 15:26:37.878000+00:00,0.017002616,134.83432338282,0,939
2009-12-11 15:28:23.881000+00:00,0.022876287,134.84296171817,90,939
2009-12-11 15:32:58.603000+00:00,0.011619156,134.86551625372,0,728
2009-12-11 15:33:16.157000+00:00,0.013737026,134.86696573144,90,728
2009-12-11 15:34:39.314000+00:00,0.014977472,134.87384593725,0,752
2009-12-11 15:35:12.504000+00:00,0.016442997,134.87659835261,90,752
2009-12-27 14:27:48.073000+00:00,0.022768976,136.3900662103,90,939
2009-12-27 14:26:14.073000+00:00,0.018980617,136.38740002139,0,939
2009-12-27 14:30:45.079000+00:00,0.011979485,136.39508507124,90,890
2009-12-27 14:31:17.079000+00:00,0.0089185964,136.39599218401,0,890
2009-12-27 14:31:38.333000+00:00,0.011257727,136.39659464129,0,728
2009-12-27 14:31:55.333000+00:00,0.014350915,136.39707649618,90,728
2009-12-27 14:33:18.490000+00:00,0.016412351,136.39943328103,0,752
2009-12-27 14:33:51.680000+00:00,0.019840496,136.40037381888,90,752
2010-01-28 12:38:34.426000+00:00,0.018508997,134.96842716099,0,939
2010-01-28 12:40:08.426000+00:00,0.024128862,134.96662575797,90,939
2010-01-28 12:43:05.432000+00:00,0.014112427,134.96316471618,90,890
2010-01-28 12:43:37.432000+00:00,0.01001991,134.96252933149,0,890
2010-01-28 12:43:58.686000+00:00,0.012079087,134.96210566933,0,728
2010-01-28 12:44:15.686000+00:00,0.016258888,134.96176585512,90,728
2010-01-28 12:45:38.843000,0.016255938,134.96009144311,0,752
2010-05-19 17:47:37.910000+00:00,0.019540228,145.0892326753,0,939
2010-05-19 17:49:11.909000+00:00,0.021968439,145.09422623378,90,939
2010-01-28 12:46:12.033000,0.018947007,134.95941747816,90,752
2010-05-19 17:52:36.820000,0.011768448,145.1051612404,90,890
2010-05-19 17:53:08.819000+00:00,0.010578526,145.10687504372,0,890
2010-05-19 17:53:29.327000+00:00,0.0094629331,145.10797429865,0,728
2010-05-19 17:53:46.327000+00:00,0.010923945,145.10888604681,90,728
2010-06-20 15:42:43.844000+00:00,0.016194697,149.12683261509,90,890
2010-06-20 15:43:15.844000+00:00,0.014916336,149.12767322427,0,890
2010-06-20 15:38:02.234000+00:00,0.024640862,149.11942748897,0,939
2010-06-20 15:39:36.233000+00:00,0.026152978,149.12190077519,90,939
2010-06-20 15:43:35.751000+00:00,0.010195874,149.12819607604,0,728
2010-06-20 15:43:52.751000+00:00,0.011310218,149.1286425243,90,728
2010-06-20 15:45:15.914000+00:00,0.013232566,149.13082583847,0,752
2010-06-20 15:45:48.974000+00:00,0.014248075,149.13169346405,90,752
2011-05-09 06:40:51.382000+00:00,0.10541258,46.99659740314,90,752
2011-05-09 06:41:08.490000+00:00,0.15941487,46.997638838702,0,752
2011-05-09 06:41:51.993000+00:00,0.1698388,47.000282257459,0,939
2011-05-09 06:42:47.993000+00:00,0.11134229,47.00367496282,90,939
2014-01-01 14:36:26.736000+00:00,0.019237705,59.503393976317,0,752
2014-01-01 14:36:43.736000+00:00,0.010247096,59.502113749957,90,752
2014-01-01 14:39:51.247000+00:00,0.021517875,59.487868231903,0,939
2014-01-01 14:40:47.246000+00:00,0.012036465,59.483569185335,90,939
2009-03-31 03:35:54.574000+00:00,0.0064082579,106.03443154238,60,750
