Time,Intensity,SubSolarAzimuth,Polarization Angle,Wavelength
2004-04-22 06:20:49.118000+00:00,0.00012136688,10.725577424182,IR,928
2004-05-09 05:17:49.576000+00:00,0.0034239516,21.546383109443,IR,928
2004-04-22 06:43:29.601000+00:00,0.0016440754,10.885963066238,IR,938
2004-04-22 07:06:49.100000+00:00,0.00025983152,11.051681782941,IR,928
2004-05-09 05:40:30.060000+00:00,0.025944168,21.750852279558,IR,938
2004-05-09 06:03:49.558000+00:00,0.0013287429,21.962691885049,IR,928
2004-05-22 05:31:38.759000+00:00,0.0032794129,349.85096584914,IR,938
2004-05-22 05:32:59.763000,0.0029367825,349.8626392093,IR,938
2004-05-22 05:35:04.766000+00:00,0.0023070022,349.88064426637,IR,938
2004-05-22 05:36:36.765000+00:00,0.00023319248,349.89398258733,IR,928
2004-05-22 05:46:25.761000+00:00,0.0008959971,349.97863705788,IR,750
2004-05-22 08:01:38.701000+00:00,0.0033197484,351.12134187618,IR,938
2004-05-22 08:02:59.704000+00:00,0.0018870324,351.13254338275,IR,938
2004-05-22 08:05:04.707000+00:00,0.0024158214,351.14982168968,IR,938
2004-05-22 08:16:25.754000+00:00,0.00060744566,351.24388484255,IR,750
2004-05-22 10:31:38.642000+00:00,0.0085312119,352.34285674646,IR,938
2004-05-22 10:32:59.645000,0.006170671,352.35364964846,IR,938
2004-05-22 10:36:36.656000+00:00,0.0006382984,352.38263628774,IR,928
2004-05-22 10:35:04.648000+00:00,0.0037732809,352.37029844551,IR,938
2004-05-22 10:46:25.695000+00:00,0.0012258618,352.46095165507,IR,750
2004-05-22 13:01:38.583000+00:00,0.0022861946,353.52210257099,IR,938
2004-05-22 13:05:04.590000+00:00,0.0044295941,353.54864784566,IR,938
2004-05-22 13:02:59.587000+00:00,0.0084713111,353.53254270699,IR,938
2004-05-22 13:06:36.597000+00:00,0.00050820108,353.56058406769,IR,928
2004-05-22 13:16:25.636000+00:00,0.0049664276,353.636356567,IR,750
2004-05-23 03:06:39.253000+00:00,0.001046236,359.62228572319,IR,938
2004-05-23 03:10:05.259000+00:00,0.0015263007,359.64580417531,IR,938
2004-05-23 03:08:00.257000+00:00,0.0017284934,359.63153424949,IR,938
2004-05-23 03:11:37.267000+00:00,0.0002036369,359.65638717766,IR,928
2004-05-23 03:21:26.306000+00:00,0.0002871945,359.72358940285,IR,750
2004-05-23 05:36:39.195000+00:00,0.0019565837,0.64408248566444,IR,938
2004-05-23 05:38:00.198000,0.0017199155,0.65323108158669,IR,938
2004-05-23 05:40:05.201000+00:00,0.0015897597,0.66734759111641,IR,938
2004-05-23 05:41:37.208000+00:00,0.00018180571,0.6778178130138,IR,928
2004-05-23 05:51:26.247000+00:00,0.00031153712,0.74430693882211,IR,750
2004-05-24 07:34:38.586000+00:00,0.001793607,11.210967574372,IR,938
2004-05-24 07:35:59.589000+00:00,0.0017609274,11.220564974871,IR,938
2004-05-24 07:38:04.592000+00:00,0.0021902802,11.23537856368,IR,938
2004-05-24 07:39:36.600000+00:00,0.00015744824,11.246377848332,IR,928
2004-05-24 07:49:25.639000+00:00,0.00036054861,11.316244067322,IR,750
2004-05-24 10:04:39.527000+00:00,0.0015644587,12.287164721351,IR,938
2004-05-24 10:06:00.531000+00:00,0.0015559663,12.296943635564,IR,938
2004-05-24 10:08:05.533000+00:00,0.0013256833,12.312037485455,IR,938
2004-05-24 10:09:37.541000+00:00,0.00019394206,12.32324576154,IR,928
2004-05-24 10:19:26.580000,0.00039483307,12.394442627586,IR,750
2004-05-24 12:34:39.469000+00:00,0.0027843788,13.384842296203,IR,938
2004-05-24 12:38:05.475000+00:00,0.0030532414,13.410244135633,IR,938
2004-05-24 12:49:26.521000+00:00,0.00057231629,13.49441191687,IR,750
2004-05-24 15:02:09.411000+00:00,0.0018465958,14.48820315635,IR,938
2004-05-24 15:03:30.414000+00:00,0.0017787033,14.498421203349,IR,938
2004-05-24 15:05:35.417000+00:00,0.0013949584,14.514193996957,IR,938
2004-05-24 15:07:07.425000+00:00,0.00016416193,14.525907623229,IR,928
2004-05-25 02:59:39.131000+00:00,0.0023044066,20.298342325426,IR,938
2004-05-25 03:01:00.134000+00:00,0.0022309038,20.310120784841,IR,938
2004-05-25 03:03:05.137000+00:00,0.0021464676,20.328304451014,IR,938
2004-05-25 03:04:37.144000+00:00,0.00047796458,20.341808751915,IR,928
2004-05-25 03:14:26.183000+00:00,0.0014645432,20.42764380232,IR,750
2004-05-25 05:29:39.072000+00:00,0.028434131,21.630380378012,IR,938
2004-05-25 05:31:00.075000+00:00,0.02516455,21.642590357423,IR,938
2004-05-25 05:33:05.078000+00:00,0.03126597,21.66144066452,IR,938
2004-05-25 05:34:37.086000+00:00,0.0060501797,21.675439578957,IR,928
2004-05-25 05:44:26.125000+00:00,0.0078078276,21.764430880421,IR,750
2004-05-25 07:59:39.013000,0.010817681,23.01267254024,IR,938
2004-05-25 08:01:00.017000+00:00,0.028822737,23.025356662474,IR,938
2004-05-25 08:03:05.020000+00:00,0.012327183,23.044939198143,IR,938
2004-05-25 08:04:37.027000+00:00,0.00086162606,23.059480795188,IR,928
2004-05-25 08:14:26.066000+00:00,0.030255515,23.151938522821,IR,750
2004-05-25 10:29:38.955000+00:00,0.013820601,24.450110771145,IR,938
2004-05-25 10:30:59.958000+00:00,0.0058436608,24.463314385745,IR,938
2004-05-25 10:33:04.961000+00:00,0.022339994,24.483699674915,IR,938
2004-05-25 10:34:36.968000+00:00,0.002191274,24.498836086656,IR,928
2004-05-25 10:44:26.008000+00:00,0.026327383,24.595093940924,IR,750
2004-05-25 12:59:38.896000+00:00,0.014818729,25.94795595625,IR,938
2004-05-25 13:00:59.899000+00:00,0.03269564,25.961728335009,IR,938
2004-05-25 13:03:04.902000+00:00,0.015416813,25.982992234966,IR,938
2004-05-25 13:14:25.949000+00:00,0.017179059,26.09919591432,IR,750
2004-05-25 13:04:36.910000+00:00,0.01119717,25.998779508136,IR,928
2004-05-26 02:56:39.569000+00:00,0.0039368984,35.700334087872,IR,938
2004-05-26 02:58:00.572000+00:00,0.0044766357,35.718359309831,IR,938
2004-05-26 03:00:05.575000+00:00,0.0062328293,35.746192429616,IR,938
2004-05-26 03:01:37.583000+00:00,0.0026191575,35.766835821451,IR,928
2004-05-26 03:11:26.622000+00:00,0.0016518645,35.898336792238,IR,750
2004-05-26 05:26:39.510000+00:00,0.011714281,37.756694466278,IR,938
2004-05-26 05:28:00.514000+00:00,0.018617507,37.775706962534,IR,938
2004-05-26 05:30:05.517000+00:00,0.02868513,37.805064596369,IR,938
2004-05-26 05:31:37.524000+00:00,0.0043263836,37.826832721882,IR,928
2004-05-26 05:41:26.563000+00:00,0.00088465906,37.965544708973,IR,750
2004-05-27 07:23:38.902000+00:00,0.0017311973,67.196387092699,IR,938
2004-05-27 07:24:59.905000+00:00,0.0024737858,67.229106832307,IR,938
2004-05-27 07:27:04.908000+00:00,0.0023812889,67.279622813027,IR,938
2004-05-27 07:28:36.916000+00:00,0.00024485873,67.316923711226,IR,928
2004-05-27 07:38:25.955000+00:00,0.00049164135,67.555439717676,IR,750
2004-05-27 09:53:38.843000+00:00,0.0017257459,70.901961666376,IR,938
2004-05-27 09:54:59.847000+00:00,0.0019400291,70.93593497572,IR,938
2004-05-27 09:57:04.850000+00:00,0.0012839887,70.988382479019,IR,938
2004-05-27 09:58:36.857000+00:00,0.00027577922,71.027088748587,IR,928
2004-05-27 10:08:25.896000+00:00,0.00055607682,71.2746579958,IR,750
2004-05-27 12:23:38.785000+00:00,0.0021504008,74.738689761864,IR,938
2004-05-27 12:24:59.788000+00:00,0.0023058325,74.773761269412,IR,938
2004-05-27 12:27:04.791000+00:00,0.0023336771,74.827901006985,IR,938
2005-05-05 17:23:13.307000+00:00,1.7882636e-05,233.30729781503,120,343
2005-05-05 17:24:25.306000+00:00,9.246837e-05,233.34684875048,60,343
2005-05-05 17:25:50.314000+00:00,3.7484966e-05,233.39360319795,0,343
2005-05-05 17:27:08.317000+00:00,9.2237955e-05,233.43651641404,0,441
2005-05-05 17:28:22.316000+00:00,0.00015552006,233.47727771106,60,441
2005-05-05 17:29:34.316000+00:00,0.00020913636,233.51697132296,120,441
2005-05-05 17:30:17.910000+00:00,9.7877972e-05,233.54103089295,120,569
2005-05-05 17:30:50.910000+00:00,0.00011167578,233.55923958852,60,569
2005-05-05 17:31:23.719000+00:00,3.5974939e-05,233.57735714331,0,569
2005-05-05 17:32:09.523000+00:00,0.00017985441,233.60265320528,0,619
2005-05-05 17:32:50.430000+00:00,0.00022201007,233.62525373935,60,619
2005-05-05 17:33:30.430000+00:00,0.00030134304,233.64737139006,120,619
2005-05-05 17:35:38.190000+00:00,0.00018103771,233.71807583409,IR,750
2005-05-05 17:39:37.281000+00:00,3.2653112e-05,233.85065475162,IR,727
2005-05-05 17:41:21.288000+00:00,0.00013693419,233.90843349621,IR,938
2006-03-20 14:36:01.386000+00:00,0.0001382045,214.55285187263,120,343
2006-03-20 14:36:33.386000+00:00,0.00012738914,214.5631078642,60,343
2006-03-20 14:37:11.893000+00:00,0.00021228071,214.57550141868,0,343
2006-03-20 14:37:59.397000+00:00,0.00036899722,214.69897161473,0,441
2006-03-20 14:38:55.396000+00:00,0.0001413288,214.71707119803,60,441
2006-03-20 14:39:51.396000+00:00,0.00028222881,214.73518359615,120,441
2006-03-20 14:40:23.650000+00:00,0.00025239686,214.79978059492,120,569
2006-03-20 14:40:56.650000+00:00,0.00015172086,214.81048769078,60,569
2006-03-20 14:41:35.803000+00:00,0.00025756611,214.82320175796,0,569
2006-03-20 14:42:22.011000+00:00,0.00059420778,214.83820795058,0,619
2006-03-20 14:43:10.010000+00:00,0.00038119798,214.85380226113,60,619
2006-03-20 14:48:58.428000+00:00,0.00060019264,214.91270231982,IR,727
2006-03-20 14:43:58.010000+00:00,0.00048928696,214.8694104937,120,619
2006-03-20 14:46:14.413000+00:00,0.00058207021,214.91380432684,IR,750
2006-03-20 14:50:04.427000+00:00,0.00071995583,214.93418402071,IR,938
2006-07-05 01:49:44.718000+00:00,0.029215375,141.82061421583,IR,727
2006-07-05 01:51:54.725000+00:00,0.03263874,141.85433606943,IR,938
2006-12-25 15:08:01.152000+00:00,0.012975799,63.528849310317,120,343
2006-12-25 15:10:01.151000+00:00,0.0121968,63.58167535822,60,343
2006-12-25 15:12:01.150000+00:00,0.0069539743,63.634526506207,0,343
2006-12-25 15:13:25.157000+00:00,0.013301289,63.671567291197,0,441
2006-12-25 15:14:37.157000+00:00,0.021839293,63.703316846777,60,441
2006-12-25 15:15:49.156000+00:00,0.021184152,63.735078071714,120,441
2006-12-25 15:16:37.560000+00:00,0.045065843,63.756429823036,120,569
2006-12-25 15:17:10.560000+00:00,0.050939772,63.770998479154,60,569
2006-12-25 15:17:43.560000+00:00,0.027966693,63.785564015127,0,569
2006-12-25 15:18:29.363000+00:00,0.040619042,63.805791625908,0,619
2006-12-25 15:19:17.363000+00:00,0.062836803,63.826996310769,60,619
2006-12-25 15:20:05.363000+00:00,0.058912899,63.84820040584,120,619
2006-12-25 15:22:25.134000+00:00,0.083817661,63.909980821697,IR,750
2006-12-25 15:27:37.125000+00:00,0.059681229,64.048070842786,IR,727
2006-12-25 15:29:47.131000+00:00,0.098537065,64.105688407891,IR,938
2007-03-12 22:39:25.757000+00:00,0.0006373311,11.928970582659,120,619
2007-03-29 00:28:02.048000+00:00,0.002751515,13.094890870667,120,343
2007-03-29 00:29:14.048000+00:00,0.002892802,13.104275240729,60,343
2007-03-29 00:30:26.047000+00:00,0.0022131398,13.113640944053,0,343
2007-03-29 00:32:01.055000+00:00,0.0034180561,13.126043267347,0,441
2007-03-29 00:33:45.054000+00:00,0.0043545179,13.139597170113,60,441
2007-03-29 00:35:29.053000+00:00,0.0042536445,13.153153342773,120,441
2007-03-29 00:36:13.157000+00:00,0.0095910067,13.107168148552,120,569
2007-03-29 00:36:46.157000+00:00,0.0088641746,13.111461893886,60,569
2007-03-29 00:37:19.057000+00:00,0.0082208738,13.115737902209,0,569
2007-03-29 00:38:03.060000+00:00,0.0094588231,13.12146316402,0,619
2007-03-29 00:38:51.960000+00:00,0.010123923,13.127827291418,60,619
2007-12-23 09:04:54.835000+00:00,0.0010864681,350.43766763629,120,343
2007-12-23 09:06:38.835000+00:00,0.0012344194,350.45133069769,60,343
2007-12-23 09:10:06.833000+00:00,0.0011412499,350.47863906255,0,441
2007-12-23 09:08:22.834000+00:00,0.00093437935,350.46497224351,0,343
2007-12-23 09:11:50.832000+00:00,0.0014768661,350.49228200871,60,441
2007-12-23 09:13:34.832000+00:00,0.0014682324,350.5059187139,120,441
2007-12-23 09:15:13.839000+00:00,0.0017898633,350.47713689997,60,569
2007-12-23 09:14:18.839000+00:00,0.001401864,350.46993065544,120,569
2007-12-23 09:16:08.839000+00:00,0.0015371284,350.48433766007,0,569
2007-12-23 09:17:15.742000+00:00,0.0019751468,350.4930992326,0,619
2007-12-23 09:18:25.741000+00:00,0.0023459503,350.50226493691,60,619
2007-12-23 09:19:35.741000+00:00,0.0020973834,350.51142406078,120,619
2007-12-23 09:27:00.806000+00:00,0.002228399,350.56961303469,IR,727
2007-12-23 09:22:25.316000+00:00,0.002309829,350.53360413947,IR,750
2008-01-08 16:35:19.874000+00:00,0.00062194216,354.11089944722,120,343
2007-12-23 09:28:54.806000+00:00,0.0032839538,350.58450591955,IR,938
2008-01-08 16:36:36.877000+00:00,0.001253497,354.12022395243,60,343
2008-01-08 16:38:15.884000+00:00,0.0015349025,354.13219121369,0,343
2008-01-08 16:40:29.991000+00:00,0.0022947837,354.10580052333,120,569
2008-01-08 16:41:24.995000+00:00,0.0033931667,354.11244856916,60,569
2008-01-08 16:42:19.894000+00:00,0.0033989623,354.1190788666,0,569
2008-01-08 16:43:26.802000+00:00,0.0043155812,354.12716273825,0,619
2008-01-08 16:44:36.801000+00:00,0.0037988178,354.13561956824,60,619
2008-01-08 16:45:46.801000+00:00,0.0028490168,354.14407053294,120,619
2008-01-08 16:48:35.400000+00:00,0.0080454666,354.1644207095,IR,750
2008-01-20 14:31:57.605000+00:00,0.00040764641,226.9967130824,120,343
2008-01-20 14:33:09.604000+00:00,0.0004846598,227.02623976228,60,343
2008-01-20 14:34:48.612000+00:00,0.00027503903,227.06691143238,0,343
2008-01-20 14:36:32.611000+00:00,0.00040999838,227.10961994736,0,441
2008-01-20 14:38:16.610000+00:00,0.0006861249,227.15240521829,60,441
2008-01-20 14:40:00.609000+00:00,0.000632693,227.19523582432,120,441
2008-01-20 14:40:44.713000+00:00,0.00056910032,227.28820676137,120,569
2008-01-20 14:41:39.713000+00:00,0.0006897042,227.31086536475,60,569
2008-01-20 14:42:34.612000+00:00,0.00054399774,227.33350159101,0,569
2008-01-20 14:43:41.516000+00:00,0.00083288259,227.36109617708,0,619
2008-01-20 14:44:51.515000+00:00,0.0011759218,227.3899846813,60,619
2008-01-20 14:46:01.515000+00:00,0.0011085101,227.41890096432,120,619
2008-01-20 14:48:49.586000+00:00,0.00093881902,227.488406206,IR,750
2008-01-20 14:53:10.576000+00:00,0.00061897613,227.59655469598,IR,727
2008-11-15 11:41:23.863000+00:00,0.0061976095,174.96743034794,120,441
2008-11-15 11:44:41.861999,0.0028791763,174.99040532011,0,343
2008-11-15 11:48:41.860000+00:00,0.0035419555,175.01822160452,60,343
2008-11-15 11:52:10.859000+00:00,0.0035629994,175.04244774744,120,343
2009-03-31 03:25:46.040000+00:00,0.00073281961,355.94396141592,120,343
2009-03-31 03:26:26.039000+00:00,0.0007913005,355.94859989491,60,343
2009-03-31 03:27:06.039000+00:00,0.0020555574,355.95322364756,0,343
2009-03-31 03:28:05.450000,0.0013809063,355.96012348684,120,441
2009-03-31 03:28:37.450000,0.0013041979,355.96382713529,60,441
2009-03-31 03:29:09.450000,0.0033116636,355.96752916885,0,441
2009-03-31 03:29:48.654000+00:00,0.0025412729,355.97206016072,120,569
2009-03-31 03:30:05.657000+00:00,0.0025615836,355.97403186338,60,569
2009-03-31 03:30:22.657000+00:00,0.0054576178,355.97599587589,0,569
2009-03-31 03:31:15.469000,0.0033339295,355.98211196368,120,619
2009-03-31 03:31:47.468000+00:00,0.0034000406,355.98581895946,60,619
2009-03-31 03:32:19.468000+00:00,0.0066723535,355.98951788829,0,619
2009-03-31 03:33:48.175000+00:00,0.0029582449,355.99978154265,60,619
2009-03-31 03:33:16.176000+00:00,0.0029070182,355.99607147969,120,619
2009-03-31 03:34:20.175000+00:00,0.0064036553,356.00348208259,0,619
2009-03-31 03:35:22.575000+00:00,0.006503494,356.01066404722,120,750
2009-03-31 03:36:26.574000+00:00,0.010459763,356.01806833664,0,750
2009-03-31 03:37:30.574000+00:00,0.0035384689,356.0254721308,120,727
2009-03-31 03:38:02.573000+00:00,0.0037636904,356.02917368344,60,727
2009-03-31 03:38:34.573000+00:00,0.0073802858,356.03287519945,0,727
2009-03-31 03:55:46.027000+00:00,0.00037478699,356.15213174485,120,343
2009-03-31 03:56:26.027000+00:00,0.0014284074,356.15675966458,60,343
2009-03-31 03:57:06.026000+00:00,0.0014975149,356.16137267814,0,343
2009-03-31 03:58:05.438000+00:00,0.00050058658,356.16825678773,120,441
2009-03-31 03:58:37.437000+00:00,0.0024407399,356.17195183098,60,441
2009-03-31 03:59:09.437000+00:00,0.0027695445,356.17564538645,0,441
2009-03-31 03:59:48.641000+00:00,0.0016237251,356.18016601354,120,569
2009-03-31 04:00:05.645000+00:00,0.0044869157,356.18213332206,60,569
2009-03-31 04:00:22.644000+00:00,0.004481161,356.18409273209,0,569
2009-03-31 04:01:15.452000+00:00,0.0021401306,356.19019439219,120,619
2009-03-31 04:01:47.452000+00:00,0.0057199397,356.19389304786,60,619
2009-03-31 04:02:19.451000+00:00,0.0057069338,356.19758343467,0,619
2009-03-31 04:03:16.159000+00:00,0.0017333473,356.20412211467,120,619
2009-03-31 04:03:48.159000+00:00,0.0052530533,356.20782385664,60,619
2009-03-31 04:04:20.158000+00:00,0.0054485644,356.21151587764,0,619
2009-03-31 04:05:22.558000+00:00,0.0051093306,356.21868156793,120,750
2009-03-31 04:05:54.558000+00:00,0.0094737886,356.22237546013,60,750
2009-03-31 04:06:26.557000+00:00,0.0099177314,356.22606909169,0,750
2009-03-31 04:07:30.557000+00:00,0.0027919577,356.23345615064,120,727
2009-03-31 04:08:02.557000+00:00,0.0062847561,356.23714946286,60,727
2009-03-31 04:08:34.557000+00:00,0.006453576,356.24084263041,0,727
2009-03-31 04:25:46.014000+00:00,0.00056931487,356.35983445705,120,343
2009-03-31 04:26:26.014000+00:00,0.0017296687,356.36445224092,60,343
2009-03-31 04:27:06.013000+00:00,0.00075807131,356.36905516941,0,343
2009-03-31 04:28:05.425000+00:00,0.0010100449,356.37592423476,120,441
2009-03-31 04:28:37.425000+00:00,0.0028165767,356.37961133448,60,441
2010-03-05 20:36:49.721000+00:00,0.096060015,87.266845034008,60,51
2010-03-05 19:54:01.689000+00:00,0.09077967,85.6777070344,0,51
2010-04-24 02:55:33.141000+00:00,0.061638661,143.84334693412,0,51
2010-03-05 21:21:17.702000+00:00,0.094222359,88.921350458228,120,51
2010-04-24 02:56:35.464000+00:00,0.087465122,143.86159591068,60,51
2010-04-24 02:57:36.408000+00:00,0.091773242,143.87943176529,120,51
2010-04-24 02:58:08.998000+00:00,0.043397274,143.88896576119,IR,51
2010-06-13 13:04:47.418000,0.099465914,179.54750397366,IR,51
2010-06-13 13:05:56.371000+00:00,0.10722873,179.55530302089,0,51
2010-06-13 13:06:58.051000+00:00,0.058406089,179.56227928346,60,51
2010-06-13 13:08:00.150000+00:00,0.059328485,179.56930278543,120,51
2010-06-25 22:32:12.714000+00:00,0.082097761,104.03943841365,0,51
2010-06-25 22:34:16.717000+00:00,0.074343376,104.11390293915,120,51
2010-06-25 22:33:14.657000+00:00,0.10392014,104.07664045709,60,51
2010-06-25 22:35:37.770000,0.065079816,104.16255447421,IR,51
2010-06-28 22:19:04.872000+00:00,0.077058583,173.79007062499,0,51
2010-06-28 22:20:06.655000+00:00,0.050122067,173.79749417925,60,51
2010-06-28 22:21:08.745000+00:00,0.034073081,173.80495366042,120,51
2010-06-28 22:22:29.932000,0.068206117,173.81470600047,IR,51
2011-03-09 14:16:52.124000+00:00,0.0746461,148.65919206588,120,750
2011-03-11 13:59:22.040000+00:00,0.051787715,176.62015373831,0,750
2011-03-11 14:00:50.043000+00:00,0.06861347,176.63036467854,60,750
2011-03-11 14:02:22.046000+00:00,0.06239095,176.64103837158,120,750
2011-03-29 18:19:16.118000+00:00,0.010832064,200.65383305133,0,750
2011-03-29 18:20:43.122000+00:00,0.0057713795,200.66813948639,60,750
2011-03-29 18:22:17.121000+00:00,0.0035617198,200.68360326865,120,750
2011-04-12 11:03:59.644000+00:00,0.12778579,176.20634577182,0,750
2011-04-12 11:05:29.647000+00:00,0.069858871,176.21685517149,60,750
2011-04-12 11:07:03.646000+00:00,0.068987899,176.22782958908,120,750
2011-04-25 17:29:24.395000+00:00,0.13301921,125.04006254789,0,750
2011-04-25 17:30:43.895000+00:00,0.13471253,125.07837323045,60,750
2011-04-25 17:32:00.394000+00:00,0.14274333,125.11521212849,120,750
2011-05-12 09:41:25.796000+00:00,0.15420039,147.69215892809,0,750
2011-05-12 09:42:43.795000+00:00,0.14114237,147.71351856833,60,750
2011-05-12 09:44:01.795000+00:00,0.14482127,147.73486410719,120,750
2011-05-16 15:59:37.970000+00:00,0.012485255,200.92135689751,0,750
2011-05-16 16:00:59.477000+00:00,0.020884305,200.93480841898,60,750
2011-05-16 16:02:15.976000+00:00,0.018291911,200.94743853267,120,750
2011-05-16 16:03:47.980000+00:00,0.016898196,200.96256975856,IR,750
2011-12-26 08:46:59.154000+00:00,0.013181152,204.18613412865,60,750
2011-12-26 08:48:15.654000+00:00,0.016813239,204.1998338076,120,750
2012-01-08 01:02:25.224000+00:00,0.083783254,167.83965726756,0,750
2012-01-08 01:03:43.224000+00:00,0.087368868,167.85080409506,60,750
2012-01-08 01:05:01.223000+00:00,0.097540557,167.86194702524,120,750
2012-01-09 18:32:23.779000+00:00,0.061498128,185.74976415169,0,750
2012-01-09 18:33:43.279000+00:00,0.053767364,185.75886056358,60,750
2012-01-09 18:35:01.278000+00:00,0.059941866,185.76778601077,120,750
2012-01-21 00:29:25.095000+00:00,0.14434516,64.073169631888,0,750
2012-01-21 00:30:43.095000+00:00,0.096559294,64.118571974942,60,750
2012-01-21 00:32:01.094000+00:00,0.10996753,64.164001374231,120,750
2012-01-23 00:04:23.510000+00:00,0.10989719,151.80473848667,0,750
2012-01-23 00:05:43.009000+00:00,0.12201235,151.82439219487,60,750
2012-01-23 00:07:01.009000+00:00,0.13206084,151.84366265711,120,750
2012-01-25 00:10:25.913000+00:00,0.13730669,178.66461052502,0,750
2012-01-25 00:11:56.416000+00:00,0.098833591,178.67493732479,60,750
2005-03-31 11:52:08.748000+00:00,0.0041474109,175.08949305034,90,939
2005-03-31 12:15:00.739000+00:00,0.0047647473,175.24457868313,90,939
2005-03-31 11:57:27.746000+00:00,0.0026396825,175.12555770329,0,939
2005-03-31 12:20:37.737000+00:00,0.0029910104,175.28265545483,0,939
2005-03-31 12:55:13.723000+00:00,0.0028210471,175.5171212874,0,939
2005-03-31 13:01:03.721000+00:00,0.0033285823,175.55663355857,0,939
2005-03-31 13:30:50.610000+00:00,0.0013349145,175.7582351652,0,728
2005-03-31 13:19:17.414000+00:00,0.0021917138,175.68001690106,90,728
2005-03-31 13:36:08.708000+00:00,0.0030717368,175.79418239611,0,939
2005-03-31 13:42:03.705000+00:00,0.0031480058,175.83423053369,0,939
2005-03-31 14:17:48.692000+00:00,0.0020488896,176.07609597164,0,752
2005-03-31 13:53:33.701000+00:00,0.00098216021,175.91205197776,0,890
2005-03-31 14:29:25.587000+00:00,0.0012941217,176.15467266011,0,728
2005-04-16 10:49:53.998000+00:00,0.0024838801,174.98163331809,0,890
2005-04-16 10:51:44.006000+00:00,0.001167802,174.99408530414,90,890
2005-04-16 10:57:41.976000,0.0058914837,175.03460148125,0,939
2005-04-16 10:59:27.983000+00:00,0.0033984908,175.04659780614,90,939
2005-04-16 12:20:37.925000,0.005249389,175.59699720807,0,939
2005-04-16 12:22:38.924000+00:00,0.0038194589,175.61066181195,90,939
2005-04-16 12:40:32.817000+00:00,0.0021106731,175.73183761011,0,728
2005-04-16 12:42:35.616000+00:00,0.0014840504,175.74570076921,90,728
2005-04-16 12:59:49.910000+00:00,0.0019499935,175.86247561575,0,890
2005-04-16 13:01:50.909000+00:00,0.0011881593,175.87613119992,90,890
2005-04-16 13:19:47.902000+00:00,0.0028991899,175.99760116011,0,752
2005-04-16 13:21:49.151000+00:00,0.0022918973,176.01128159588,90,752
2005-08-21 22:30:04.541000+00:00,0.0032552241,172.51171325355,0,939
2005-08-21 22:32:04.540000+00:00,0.0046931151,172.52560906275,90,939
2005-09-06 23:34:52.686000+00:00,0.002657593,173.28927234097,0,890
2005-09-06 23:36:38.693000+00:00,0.0015289531,173.30145860016,90,890
2005-09-06 23:43:04.660000+00:00,0.0068978635,173.34581735983,0,939
2005-09-06 23:44:50.663000+00:00,0.0043350938,173.35799667311,90,939
2005-09-07 00:30:30.634000+00:00,0.0077705234,173.67227832516,0,939
2005-09-07 00:33:03.633000+00:00,0.0051788124,173.68980500859,90,939
2005-12-26 13:29:45.578000+00:00,0.015928196,160.29151550032,90,890
2005-12-26 13:36:10.575000+00:00,0.016285295,160.34983128136,0,890
2005-12-26 13:49:27.820000+00:00,0.029427439,160.47023979401,90,752
2005-12-26 13:55:27.818000+00:00,0.030995756,160.52449698587,0,752
2005-12-26 14:07:35.763000+00:00,0.022329267,160.63395946884,90,728
2006-01-15 17:57:54.394000+00:00,0.0037481699,215.06740131338,0,939
2006-01-15 17:59:40.401000+00:00,0.0050554052,215.10218352882,90,939
2006-02-26 23:21:00.229000+00:00,0.025808834,132.93018492932,90,890
2006-02-26 23:59:12.465000+00:00,0.064442441,133.6599676243,0,752
2006-02-27 00:18:01.408000+00:00,0.04021433,134.0152332766,90,728
2006-03-19 05:44:26.147000+00:00,0.00082314294,190.32723008475,90,890
2006-03-19 05:45:54.150000+00:00,0.00043446876,190.33931030894,0,890
2006-03-19 05:47:40.654000+00:00,0.00046732364,190.3538957316,90,752
2006-03-19 05:48:19.558000+00:00,0.00027632815,190.35923874715,0,752
2006-03-19 05:49:33.869000+00:00,0.00043469621,190.36945045122,90,728
2006-03-19 05:50:19.072000+00:00,0.00030419888,190.37566185578,0,728
2006-03-19 12:47:25.970000+00:00,0.00053338479,194.01919431997,90,890
2006-03-19 12:48:53.973000+00:00,0.00014402924,194.03280923955,0,890
2006-03-19 12:50:40.477000+00:00,0.00070814323,194.04919426772,90,752
2006-03-19 12:52:33.691000+00:00,0.00047195228,194.06672978825,90,728
2006-03-19 12:51:19.384000+00:00,0.00030406489,194.05521628087,0,752
2006-04-30 14:28:10.300000+00:00,0.06621103,85.880983850378,0,752
2006-04-30 14:34:25.298000+00:00,0.084247738,86.06988425616,90,752
2006-03-19 12:53:18.895000+00:00,0.0002144583,194.07373150762,0,728
2006-04-30 17:09:14.766000+00:00,0.026629092,90.774123821726,0,890
2006-04-30 14:46:16.994000+00:00,0.041960362,86.419913635384,0,728
2006-04-30 14:51:59.491000+00:00,0.058802586,86.593244710835,90,728
2006-04-30 17:15:43.764000+00:00,0.03897991,90.971917138389,90,890
2006-04-30 17:28:02.451000+00:00,0.060893752,91.347507059064,90,728
2006-04-30 17:35:04.949000+00:00,0.04283262,91.562317524241,0,728
2006-04-30 17:47:43.994000+00:00,0.063479863,91.948198159819,0,752
2006-04-30 18:13:48.134000+00:00,0.08815112,92.743099397651,90,752
2006-04-30 18:20:13.981000+00:00,0.064325899,92.93911020241,0,752
2006-05-20 17:58:05.730000+00:00,0.0011722464,176.34919644605,0,890
2006-05-20 17:59:54.738000+00:00,0.00080981787,176.36122995304,90,890
2006-05-20 18:00:39.991000+00:00,0.0013965009,176.36618525542,90,752
2006-05-20 18:01:18.845000+00:00,0.0021009804,176.37047195623,0,752
2006-05-20 18:03:15.760000+00:00,0.0014350513,176.38337404723,0,728
2006-05-20 18:03:59.864000+00:00,0.0011296816,176.38824330662,90,728
2006-05-20 18:56:24.704000+00:00,0.0012191474,176.73525580089,0,890
2006-05-20 18:58:13.708000+00:00,0.00086920935,176.74728071374,90,890
2006-05-20 18:58:58.965000+00:00,0.001367246,176.75222638641,90,752
2006-05-20 18:59:38.119000+00:00,0.0018478528,176.75654295205,0,752
2006-05-20 19:01:34.734000+00:00,0.0014406124,176.76940291989,0,728
2006-05-20 19:02:18.837000+00:00,0.00092596875,176.77426908405,90,728
2006-05-20 20:28:47.673000+00:00,0.0011360782,177.34649278738,0,890
2006-05-20 20:30:48.680000+00:00,0.0007124769,177.35983778502,90,890
2006-05-20 20:32:11.087000+00:00,0.0015688104,177.36886530925,0,752
2006-05-20 20:31:32.084000+00:00,0.0011865188,177.36456712074,90,752
2006-05-20 20:34:07.702000+00:00,0.0011562004,177.38172117317,0,728
2006-05-20 20:34:51.806000+00:00,0.00090060727,177.38658656728,90,728
2006-05-20 21:12:02.656000+00:00,0.0010350026,177.63264463603,0,890
2006-05-20 21:14:03.663000+00:00,0.00080013351,177.64599230246,90,890
2006-05-20 21:14:47.067000+00:00,0.0011319685,177.65071764239,90,752
2006-05-20 21:15:25.771000+00:00,0.0014263662,177.65498348896,0,752
2006-05-20 21:17:22.686000+00:00,0.0010854604,177.66787482031,0,728
2006-10-25 09:36:26.285000+00:00,0.016094379,152.58145260963,90,752
2006-10-25 09:37:05.489000+00:00,0.042625349,152.58912987445,0,752
2006-10-25 09:38:19.496000+00:00,0.012551717,152.60362370401,90,728
2006-10-25 09:39:04.704000+00:00,0.034636151,152.61247119781,0,728
2007-03-26 09:05:05.488000+00:00,0.001809112,345.07871084663,0,939
2007-03-26 09:07:00.491000+00:00,0.00041016022,345.09698236468,0,890
2007-03-26 09:08:24.499000+00:00,0.00085986429,345.11030681078,90,890
2007-03-26 09:09:13.602000+00:00,0.00090586097,345.11817916406,0,752
2007-03-26 09:09:46.906000+00:00,0.0014830907,345.12345652585,90,752
2007-03-26 09:10:32.110000+00:00,0.0005338628,345.13062952548,0,728
2007-03-26 09:11:13.217000+00:00,0.00096067315,345.13714134088,90,728
2007-10-01 18:46:32.850000+00:00,0.11056414,274.00708309767,0,939
2007-10-01 18:47:52.853000+00:00,0.099020034,274.06093491666,90,939
2007-10-01 18:50:09.268000+00:00,0.011933945,274.15277053585,90,728
2007-10-01 18:51:15.638000+00:00,0.01239381,274.19743130841,0,752
2007-10-01 18:50:42.268000+00:00,0.0083714174,274.17497793088,0,728
2007-10-01 18:51:48.638000+00:00,0.015779689,274.21963448242,90,752
2007-12-04 14:27:42.270000+00:00,0.0021741888,270.84853816873,90,939
2007-12-04 14:30:11.381000+00:00,0.00041628815,270.94824618006,90,728
2007-12-04 14:30:44.389000+00:00,0.00048803756,270.97031598734,0,728
2007-12-04 14:31:17.948000+00:00,0.00077746023,270.99275337264,0,752
2007-12-04 14:31:50.948000+00:00,0.00038135986,271.01481657612,90,752
2008-01-05 11:35:51.848000+00:00,0.0024776726,267.61887643383,90,939
2008-01-05 11:34:07.845000+00:00,0.0015206891,267.54975202548,0,939
2008-01-05 11:38:26.862000+00:00,0.00041650553,267.72189674151,90,728
2008-01-05 11:38:59.966000+00:00,0.00034586902,267.74390108745,0,728
2008-01-06 06:13:00.370000+00:00,0.0018039742,307.36676063005,0,939
2008-01-05 11:39:33.526000+00:00,0.00035276607,267.76620987953,0,752
2008-01-05 11:40:06.456000+00:00,0.00060248468,267.78810024612,90,752
2008-01-06 06:13:41.870000+00:00,0.0031515779,307.38630698919,90,939
2009-02-07 18:12:56.117000+00:00,0.00098443741,272.12896836602,0,939
2009-02-07 18:14:46.117000+00:00,0.0021506678,272.19737407946,90,939
2009-02-07 18:19:24.125999,0.00063121831,272.37024755886,90,890
2009-02-07 18:20:58.126000+00:00,0.00019705844,272.42869370686,0,890
2009-02-07 18:22:13.133000+00:00,0.00018509173,272.47534056759,0,728
2009-02-07 18:23:19.536000+00:00,0.00040476603,272.51662381828,90,728
2009-02-07 18:25:39.539000+00:00,0.00084369048,272.60366030918,90,752
2009-02-07 18:25:06.540000+00:00,0.00042815221,272.58314664493,0,752
2009-03-27 14:09:48.750000+00:00,0.00064982695,268.33725630236,0,890
2009-03-27 14:08:54.742000+00:00,0.00021597407,268.30381247333,90,890
2009-03-27 14:02:40.733000+00:00,0.0019421563,268.07981935668,0,939
2009-03-27 14:04:30.732000+00:00,0.00099053315,268.14766994016,90,939
2009-03-27 14:10:26.753000+00:00,0.0005010785,268.36077444865,0,728
2009-03-27 14:10:54.457000+00:00,0.00017639941,268.37793230195,90,728
2009-03-27 14:12:25.168000,0.00077435625,268.44037137087,0,752
2009-03-27 14:12:58.168000,0.00017055607,268.46073546707,90,752
2009-03-31 03:39:02.214000+00:00,0.0051643988,356.32679754749,0,728
2009-03-31 03:39:42.214000+00:00,0.0012542384,356.33138879694,90,728
2009-03-31 03:41:23.025000+00:00,0.0024410207,356.34298649302,90,752
2009-03-31 03:41:56.025000+00:00,0.0075784777,356.34680662579,0,752
2009-03-31 03:43:48.528000+00:00,0.0033003495,356.3592258748,90,939
2009-03-31 03:44:58.528000+00:00,0.006709089,356.36730728155,0,939
2009-03-31 04:09:02.202000+00:00,0.003996083,356.53399347093,0,728
2009-03-31 04:09:42.201000+00:00,0.0018505951,356.53857462212,90,728
2009-03-31 04:11:23.012000+00:00,0.003206288,356.55014713977,90,752
2009-03-31 04:11:56.012000+00:00,0.0057172426,356.55395898524,0,752
2009-03-31 04:14:58.515000+00:00,0.004674152,356.57441555798,0,939
2009-03-31 04:13:48.515000+00:00,0.00277447,356.56635159322,90,939
2009-08-25 21:33:25.807000+00:00,0.14172116,69.451100300664,90,939
2009-08-25 21:31:03.808000+00:00,0.13557836,69.373839144156,0,939
2009-08-25 21:38:34.813000+00:00,0.050252598,69.685072411203,90,890
2009-08-25 21:39:46.813000+00:00,0.048392057,69.724389102097,0,890
2009-08-25 21:40:31.516000+00:00,0.089997485,69.748966143361,0,728
2009-08-25 21:40:55.516000+00:00,0.094503097,69.762069297311,90,728
2009-08-25 21:44:07.084000+00:00,0.13487381,69.800866259304,90,752
2009-08-25 21:43:12.081000+00:00,0.13088264,69.77083062943,0,752
2009-12-11 15:31:50.895000+00:00,0.01085648,355.3103319677,90,890
2009-12-11 15:32:26.899000+00:00,0.0093984371,355.31438732888,0,890
2009-12-11 15:26:37.878000+00:00,0.017002616,355.218528242,0,939
2009-12-11 15:28:23.881000+00:00,0.022876287,355.23063823815,90,939
2009-12-11 15:32:58.603000+00:00,0.011619156,355.3180924879,0,728
2009-12-11 15:33:16.157000+00:00,0.013737026,355.32006120482,90,728
2009-12-11 15:34:39.314000+00:00,0.014977472,355.27360855251,0,752
2009-12-11 15:35:12.504000+00:00,0.016442997,355.27739612082,90,752
2009-12-27 14:27:48.073000+00:00,0.022768976,355.0815679851,90,939
2009-12-27 14:26:14.073000+00:00,0.018980617,355.07081740739,0,939
2009-12-27 14:30:45.079000+00:00,0.011979485,355.15975093697,90,890
2009-12-27 14:31:17.079000+00:00,0.0089185964,355.16335980967,0,890
2009-12-27 14:31:38.333000+00:00,0.011257727,355.16589683117,0,728
2009-12-27 14:31:55.333000+00:00,0.014350915,355.16780503978,90,728
2009-12-27 14:33:18.490000+00:00,0.016412351,355.119442937,0,752
2009-12-27 14:33:51.680000+00:00,0.019840496,355.12323492371,90,752
2010-01-28 12:38:34.426000+00:00,0.018508997,354.86435733094,0,939
2010-01-28 12:40:08.426000+00:00,0.024128862,354.8751223688,90,939
2010-01-28 12:43:05.432000+00:00,0.014112427,354.95389481295,90,890
2010-01-28 12:43:37.432000+00:00,0.01001991,354.95750798546,0,890
2010-01-28 12:43:58.686000+00:00,0.012079087,354.96004921904,0,728
2010-01-28 12:44:15.686000+00:00,0.016258888,354.96195962282,90,728
2010-01-28 12:45:38.843000,0.016255938,354.91304880041,0,752
2010-05-19 17:47:37.910000+00:00,0.019540228,348.60364150376,0,939
2010-05-19 17:49:11.909000+00:00,0.021968439,348.61564792033,90,939
2010-01-28 12:46:12.033000,0.018947007,354.9168458209,90,752
2010-05-19 17:52:36.820000,0.011768448,348.70609938985,90,890
2010-05-19 17:53:08.819000+00:00,0.010578526,348.71012335077,0,890
2010-05-19 17:53:29.327000+00:00,0.0094629331,348.71285769157,0,728
2010-05-19 17:53:46.327000+00:00,0.010923945,348.71498533179,90,728
2010-06-20 15:42:43.844000+00:00,0.016194697,348.31941027776,90,890
2010-06-20 15:43:15.844000+00:00,0.014916336,348.32346318596,0,890
2010-06-20 15:38:02.234000+00:00,0.024640862,348.2166793961,0,939
2010-06-20 15:39:36.233000+00:00,0.026152978,348.22877237949,90,939
2010-06-20 15:43:35.751000+00:00,0.010195874,348.32614539232,0,728
2010-06-20 15:43:52.751000+00:00,0.011310218,348.32828799788,90,728
2010-06-20 15:45:15.914000+00:00,0.013232566,348.27255407125,0,752
2010-06-20 15:45:48.974000+00:00,0.014248075,348.27679973343,90,752
2011-05-09 06:40:51.382000+00:00,0.10541258,25.177273090138,90,752
2011-05-09 06:41:08.490000+00:00,0.15941487,25.181076550329,0,752
2011-05-09 06:41:51.993000+00:00,0.1698388,25.190519589807,0,939
2011-05-09 06:42:47.993000+00:00,0.11134229,25.202945223595,90,939
2014-01-01 14:36:26.736000+00:00,0.019237705,293.62535952721,0,752
2014-01-01 14:36:43.736000+00:00,0.010247096,293.63263890165,90,752
2014-01-01 14:39:51.247000+00:00,0.021517875,293.71278397027,0,939
2014-01-01 14:40:47.246000+00:00,0.012036465,293.73674762528,90,939
2009-03-31 03:35:54.574000+00:00,0.0064082579,356.01436621052,60,750
