Observation,Time,Polarization Angle,Wavelength
processed/N1466583494._RC.cub,"2004-174T07:52:56.322
",IR 0,889
processed/N1463974488._RC.cub,"2004-144T03:09:15.259
",IR 0,938
processed/N1532137088._RC.cub,"2006-202T01:06:37.908
",IR 0,750
processed/N1521213664._RC.cub,"2006-075T14:49:21.525
",0,343
processed/N1463974336._RC.cub,"2004-144T03:07:37.257
",IR 0,938
processed/N1466583346._RC.cub,"2004-174T07:50:14.315
",IR 0,727
processed/N1521213824._RC.cub,"2006-075T14:52:55.532
",0,441
processed/N1532147562._RC.cub,"2006-202T03:59:49.829
",IR 0,938
processed/N1463974536._RC.cub,"2004-144T03:11:31.267
",IR 0,928
processed/N1466583388._RC.cub,"2004-174T07:52:00.319
",IR 0,750
processed/N1532147747._RC.cub,"2006-202T04:02:54.828
",IR 0,938
processed/N1463975128._RC.cub,"2004-144T03:21:17.306
",IR 0,750
processed/N1521213912._RC.cub,"2006-075T14:54:23.531
",60,441
processed/N1466583698._RC.cub,"2004-174T07:56:42.332
",IR 0,938
processed/N1463983248._RC.cub,"2004-144T05:36:23.195
",IR 0,938
processed/N1466583624._RC.cub,"2004-174T07:54:34.325
",IR 0,938
processed/N1532147932._RC.cub,"2006-202T04:05:59.827
",IR 0,938
processed/N1463983336._RC.cub,"2004-144T05:37:37.198
",IR 0,938
processed/N1466583806._RC.cub,"2004-174T07:59:04.335
",IR 0,619
processed/N1463983488._RC.cub,"2004-144T05:39:15.201
",IR 0,938
processed/N1521214000._RC.cub,"2006-075T14:55:51.531
",120,441
processed/N1532148295._RC.cub,"2006-202T04:12:02.840
",IR 0,889
processed/N1466583772._RC.cub,"2004-174T07:57:56.332
",IR 0,938
processed/N1463983536._RC.cub,"2004-144T05:41:31.208
",IR 0,928
processed/N1467436787._RC.cub,"2004-184T04:55:16.710
",IR 0,928
processed/N1521214033._RC.cub,"2006-075T14:57:09.034
",120,569
processed/N1463984128._RC.cub,"2004-144T05:51:17.247
",IR 0,750
processed/N1532148586._RC.cub,"2006-202T04:17:37.830
",IR 0,727
processed/N1466583848._RC.cub,"2004-174T07:59:40.339
",IR 0,928
processed/N1464076728._RC.cub,"2004-145T07:34:22.586
",IR 0,938
processed/N1521214066._RC.cub,"2006-075T14:57:42.034
",60,569
processed/N1532148869._RC.cub,"2006-202T04:22:20.821
",IR 0,619
processed/N1467437079._RC.cub,"2004-184T05:00:05.696
",IR 0,928
processed/N1464076816._RC.cub,"2004-145T07:35:36.589
",IR 0,938
processed/N1532149015._RC.cub,"2006-202T04:25:24.832
",IR 0,750
processed/N1464076968._RC.cub,"2004-145T07:37:14.592
",IR 0,938
processed/N1466583867._RC.cub,"2004-174T08:00:15.839
",IR 0,750
processed/N1532159489._RC.cub,"2006-202T07:18:36.753
",IR 0,938
processed/N1464077016._RC.cub,"2004-145T07:39:30.600
",IR 0,928
processed/N1521214099._RC.cub,"2006-075T14:58:14.734
",0,569
processed/N1467437394._RC.cub,"2004-184T05:05:20.694
",IR 0,928
processed/N1464077608._RC.cub,"2004-145T07:49:16.639
",IR 0,750
processed/N1532159674._RC.cub,"2006-202T07:21:41.752
",IR 0,938
processed/N1464085729._RC.cub,"2004-145T10:04:23.527
",IR 0,938
processed/N1532159859._RC.cub,"2006-202T07:24:46.751
",IR 0,938
processed/N1464085817._RC.cub,"2004-145T10:05:37.531
",IR 0,938
processed/N1521214147._RC.cub,"2006-075T14:58:56.338
",0,619
processed/N1466583886._RC.cub,"2004-174T08:00:34.339
",IR 0,750
processed/N1532160222._RC.cub,"2006-202T07:30:49.764
",IR 0,889
processed/N1464085969._RC.cub,"2004-145T10:07:15.533
",IR 0,938
processed/N1467437726._RC.cub,"2004-184T05:10:48.684
",IR 0,928
processed/N1537507835._RC.cub,"2006-264T04:57:52.610
",120,343
processed/N1464086017._RC.cub,"2004-145T10:09:31.541
",IR 0,928
processed/N1521214195._RC.cub,"2006-075T14:59:45.737
",60,619
processed/N1464086609._RC.cub,"2004-145T10:19:17.580
",IR 0,750
processed/N1537507944._RC.cub,"2006-264T04:59:41.609
",60,343
processed/N1493967424._RC.cub,"2005-125T06:29:24.546
",IR 0,938
processed/N1464094729._RC.cub,"2004-145T12:34:23.469
",IR 0,938
processed/N1521214497._RC.cub,"2006-075T15:03:58.551
",0,619
processed/N1464094969._RC.cub,"2004-145T12:37:15.475
",IR 0,938
processed/N1521214601._RC.cub,"2006-075T15:05:42.550
",60,619
processed/N1464095609._RC.cub,"2004-145T12:49:17.521
",IR 0,750
processed/N1537508053._RC.cub,"2006-264T05:01:04.609
",0,343
processed/N1494006637._RC.cub,"2005-125T17:22:57.307
",120,343
processed/N1464103579._RC.cub,"2004-145T15:01:53.411
",IR 0,938
processed/N1521214705._RC.cub,"2006-075T15:07:26.550
",120,619
processed/N1537508162._RC.cub,"2006-264T05:03:19.608
",0,441
processed/N1464103667._RC.cub,"2004-145T15:03:07.414
",IR 0,938
processed/N1521214243._RC.cub,"2006-075T15:00:33.737
",120,619
processed/N1464103819._RC.cub,"2004-145T15:04:45.417
",IR 0,938
processed/N1464103867._RC.cub,"2004-145T15:07:01.425
",IR 0,928
processed/N1494007112._RC.cub,"2005-125T17:31:23.119
",0,569
processed/N1537508223._RC.cub,"2006-264T05:04:44.627
",60,441
processed/N1464146629._RC.cub,"2004-146T02:59:23.131
",IR 0,938
processed/N1494007160._RC.cub,"2005-125T17:32:06.723
",0,619
processed/N1464146717._RC.cub,"2004-146T03:00:37.134
",IR 0,938
processed/N1521214745._RC.cub,"2006-075T15:08:44.553
",IR 0,750
processed/N1494007200._RC.cub,"2005-125T17:32:48.530
",60,619
processed/N1464146869._RC.cub,"2004-146T03:02:15.137
",IR 0,938
processed/N1537508284._RC.cub,"2006-264T05:05:45.626
",120,441
processed/N1464146917._RC.cub,"2004-146T03:04:31.144
",IR 0,928
processed/N1521214981._RC.cub,"2006-075T15:12:26.556
",IR 0,727
processed/N1537508306._RC.cub,"2006-264T05:06:38.430
",120,569
processed/N1464147509._RC.cub,"2004-146T03:14:17.183
",IR 0,750
processed/N1494007240._RC.cub,"2005-125T17:33:28.530
",120,619
processed/N1464155629._RC.cub,"2004-146T05:29:23.072
",IR 0,938
processed/N1494007370._RC.cub,"2005-125T17:35:34.090
",IR 0,750
processed/N1464155717._RC.cub,"2004-146T05:30:37.075
",IR 0,938
processed/N1496745450._RC.cub,"2005-157T10:08:04.818
",IR 0,938
processed/N1464155869._RC.cub,"2004-146T05:32:15.078
",IR 0,938
processed/N1521215069._RC.cub,"2006-075T15:13:40.563
",IR 0,938
processed/N1537508328._RC.cub,"2006-264T05:07:00.430
",60,569
processed/N1464155917._RC.cub,"2004-146T05:34:31.086
",IR 0,928
processed/N1521367303._RC.cub,"2006-077T09:29:59.595
",IR 0,938
processed/N1464156509._RC.cub,"2004-146T05:44:17.125
",IR 0,750
processed/N1521367488._RC.cub,"2006-077T09:33:04.594
",IR 0,938
processed/N1464164629._RC.cub,"2004-146T07:59:23.013
",IR 0,938
processed/N1496745688._RC.cub,"2005-157T10:12:02.817
",IR 0,938
processed/N1464164717._RC.cub,"2004-146T08:00:37.017
",IR 0,938
processed/N1521367673._RC.cub,"2006-077T09:36:09.593
",IR 0,938
processed/N1464164869._RC.cub,"2004-146T08:02:15.020
",IR 0,938
processed/N1521367858._RC.cub,"2006-077T09:39:14.592
",IR 0,938
processed/N1537508357._RC.cub,"2006-264T05:07:28.034
",0,569
processed/N1494007616._RC.cub,"2005-125T17:39:26.281
",IR 0,727
processed/N1464164917._RC.cub,"2004-146T08:04:31.027
",IR 0,928
processed/N1521368043._RC.cub,"2006-077T09:42:19.591
",IR 0,938
processed/N1464165509._RC.cub,"2004-146T08:14:17.066
",IR 0,750
processed/N1494007732._RC.cub,"2005-125T17:40:58.288
",IR 0,938
processed/N1464173629._RC.cub,"2004-146T10:29:22.955
",IR 0,938
processed/N1521558372._RC.cub,"2006-079T14:35:55.386
",120,343
processed/N1537508394._RC.cub,"2006-264T05:07:55.637
",0,619
processed/N1464173717._RC.cub,"2004-146T10:30:36.958
",IR 0,938
processed/N1521558404._RC.cub,"2006-079T14:36:27.386
",60,343
processed/N1537508431._RC.cub,"2006-264T05:08:39.037
",60,619
processed/N1464353510._RC.cub,"2004-148T12:26:14.791
",IR 0,938
processed/N1521558444._RC.cub,"2006-079T14:37:04.393
",0,343
processed/N1496745926._RC.cub,"2005-157T10:16:00.815
",IR 0,938
processed/N1465180719._RC.cub,"2004-158T02:13:52.399
",IR 0,938
processed/N1521558500._RC.cub,"2006-079T14:37:43.397
",0,441
processed/N1537508468._RC.cub,"2006-264T05:09:16.037
",120,619
processed/N1465180871._RC.cub,"2004-158T02:15:30.402
",IR 0,938
processed/N1521558556._RC.cub,"2006-079T14:38:39.396
",60,441
processed/N1496746564._RC.cub,"2005-157T10:24:18.823
",IR 0,889
processed/N1465180919._RC.cub,"2004-158T02:17:46.410
",IR 0,928
processed/N1521558612._RC.cub,"2006-079T14:39:35.396
",120,441
processed/N1537508581._RC.cub,"2006-264T05:10:56.605
",IR 0,750
processed/N1465181511._RC.cub,"2004-158T02:27:32.449
",IR 0,750
processed/N1521558629._RC.cub,"2006-079T14:40:22.900
",120,569
processed/N1496747122._RC.cub,"2005-157T10:33:36.820
",IR 0,889
processed/N1537508874._RC.cub,"2006-264T05:15:21.595
",IR 0,727
processed/N1465190456._RC.cub,"2004-158T04:56:23.332
",IR 0,938
processed/N1521558662._RC.cub,"2006-079T14:40:55.900
",60,569
processed/N1465190544._RC.cub,"2004-158T04:57:37.335
",IR 0,938
processed/N1521558702._RC.cub,"2006-079T14:41:34.203
",0,569
processed/N1466053781._RC.cub,"2004-168T04:45:16.768
",IR 0,750
processed/N1496752765._RC.cub,"2005-157T12:09:59.772
",IR 0,938
processed/N1466061901._RC.cub,"2004-168T07:00:22.656
",IR 0,938
processed/N1537509000._RC.cub,"2006-264T05:16:51.602
",IR 0,938
processed/N1521558750._RC.cub,"2006-079T14:42:18.611
",0,619
processed/N1466061989._RC.cub,"2004-168T07:01:36.660
",IR 0,938
processed/N1496753003._RC.cub,"2005-157T12:13:57.770
",IR 0,938
processed/N1545752468._RC.cub,"2006-359T15:07:33.152
",120,343
processed/N1466062141._RC.cub,"2004-168T07:03:14.663
",IR 0,938
processed/N1496753247._RC.cub,"2005-157T12:18:01.761
",IR 0,938
processed/N1466062189._RC.cub,"2004-168T07:05:30.670
",IR 0,928
processed/N1521558798._RC.cub,"2006-079T14:43:06.610
",60,619
processed/N1466062781._RC.cub,"2004-168T07:15:16.709
",IR 0,750
processed/N1545752588._RC.cub,"2006-359T15:09:33.151
",60,343
processed/N1521559166._RC.cub,"2006-079T14:48:35.428
",IR 0,727
processed/N1496753473._RC.cub,"2005-157T12:22:39.771
",IR 0,889
processed/N1466070901._RC.cub,"2004-168T09:30:22.598
",IR 0,938
processed/N1545752708._RC.cub,"2006-359T15:11:33.150
",0,343
processed/N1521558846._RC.cub,"2006-079T14:43:54.610
",120,619
processed/N1466070989._RC.cub,"2004-168T09:31:36.601
",IR 0,938
processed/N1496755585._RC.cub,"2005-157T12:56:59.766
",IR 0,938
processed/N1545752780._RC.cub,"2006-359T15:13:09.157
",0,441
processed/N1521558990._RC.cub,"2006-079T14:46:03.413
",IR 0,750
processed/N1466071141._RC.cub,"2004-168T09:33:14.604
",IR 0,938
processed/N1521559222._RC.cub,"2006-079T14:49:51.427
",IR 0,938
processed/N1545752852._RC.cub,"2006-359T15:14:21.157
",60,441
processed/N1496755823._RC.cub,"2005-157T13:00:57.764
",IR 0,938
processed/N1525327174._RC.cub,"2006-123T05:28:43.375
",120,343
processed/N1466128927._RC.cub,"2004-169T01:37:14.282
",IR 0,889
processed/N1496756061._RC.cub,"2005-157T13:04:55.763
",IR 0,938
processed/N1466071189._RC.cub,"2004-168T09:35:30.611
",IR 0,928
processed/N1545752924._RC.cub,"2006-359T15:15:33.156
",120,441
processed/N1525327232._RC.cub,"2006-123T05:29:41.374
",60,343
processed/N1466071781._RC.cub,"2004-168T09:45:16.651
",IR 0,750
processed/N1496756825._RC.cub,"2005-157T13:15:19.777
",IR 0,889
processed/N1466128839._RC.cub,"2004-169T01:36:14.279
",IR 0,750
processed/N1545752957._RC.cub,"2006-359T15:16:36.960
",120,569
processed/N1525327290._RC.cub,"2006-123T05:30:39.374
",0,343
processed/N1496762791._RC.cub,"2005-157T14:57:05.708
",IR 0,938
processed/N1466129031._RC.cub,"2004-169T01:38:22.286
",IR 0,938
processed/N1545752990._RC.cub,"2006-359T15:17:09.960
",60,569
processed/N1525327366._RC.cub,"2006-123T05:31:59.385
",0,441
processed/N1496763029._RC.cub,"2005-157T15:01:03.706
",IR 0,938
processed/N1466129199._RC.cub,"2004-169T01:42:20.292
",IR 0,928
processed/N1525327408._RC.cub,"2006-123T05:32:44.385
",60,441
processed/N1496763267._RC.cub,"2005-157T15:05:01.705
",IR 0,938
processed/N1466129151._RC.cub,"2004-169T01:40:48.285
",IR 0,619
processed/N1525327450._RC.cub,"2006-123T05:33:26.385
",120,441
processed/N1466129232._RC.cub,"2004-169T01:43:03.796
",IR 0,750
processed/N1545753023._RC.cub,"2006-359T15:17:42.960
",0,569
processed/N1499415609._RC.cub,"2005-188T07:51:48.811
",120,343
processed/N1525327504._RC.cub,"2006-123T05:34:34.832
",120,569
processed/N1466340619._RC.cub,"2004-171T12:25:14.888
",IR 0,889
processed/N1496764031._RC.cub,"2005-157T15:15:25.720
",IR 0,889
processed/N1466129265._RC.cub,"2004-169T01:43:37.100
",IR 0,750
processed/N1525327523._RC.cub,"2006-123T05:34:53.840
",60,569
processed/N1466340499._RC.cub,"2004-171T12:22:30.885
",IR 0,938
processed/N1499415665._RC.cub,"2005-188T07:52:50.818
",60,343
processed/N1545753071._RC.cub,"2006-359T15:18:26.563
",0,619
processed/N1525327542._RC.cub,"2006-123T05:35:12.720
",0,569
processed/N1466340637._RC.cub,"2004-171T12:26:27.096
",IR 0,750
processed/N1499415737._RC.cub,"2005-188T07:53:56.822
",0,343
processed/N1545753119._RC.cub,"2006-359T15:19:14.563
",60,619
processed/N1466583248._RC.cub,"2004-174T07:48:50.308
",0,343
processed/N1499415793._RC.cub,"2005-188T07:55:04.825
",0,441
processed/N1525327587._RC.cub,"2006-123T05:35:54.607
",0,619
processed/N1466583142._RC.cub,"2004-174T07:48:11.484
",0,51
processed/N1545753167._RC.cub,"2006-359T15:20:02.563
",120,619
processed/N1499415833._RC.cub,"2005-188T07:55:55.829
",60,441
processed/N1525327613._RC.cub,"2006-123T05:36:21.207
",60,619
processed/N1571476777._RC.cub,"2007-292T08:44:06.314
",120,619
processed/N1545753313._RC.cub,"2006-359T15:22:16.134
",IR 0,750
processed/N1525327639._RC.cub,"2006-123T05:36:47.207
",120,619
processed/N1499415873._RC.cub,"2005-188T07:56:35.828
",120,441
processed/N1525327746._RC.cub,"2006-123T05:38:31.759
",IR 0,750
processed/N1499415890._RC.cub,"2005-188T07:57:06.036
",120,569
processed/N1571477029._RC.cub,"2007-292T08:47:48.528
",IR 0,750
processed/N1526619725._RC.cub,"2006-138T04:31:13.140
",120,343
processed/N1499415923._RC.cub,"2005-188T07:57:39.336
",60,569
processed/N1545753639._RC.cub,"2006-359T15:27:14.125
",IR 0,727
processed/N1525327918._RC.cub,"2006-123T05:41:14.350
",IR 0,727
processed/N1546026149._RC.cub,"2006-362T19:07:48.394
",IR 0,889
processed/N1499416011._RC.cub,"2005-188T07:59:02.043
",0,619
processed/N1525327990._RC.cub,"2006-123T05:42:09.358
",IR 0,938
processed/N1571477249._RC.cub,"2007-292T08:51:20.526
",IR 0,727
processed/N1545753787._RC.cub,"2006-359T15:29:06.131
",IR 0,938
processed/N1526619757._RC.cub,"2006-138T04:31:48.147
",60,343
processed/N1499415963._RC.cub,"2005-188T07:58:18.240
",0,569
processed/N1571477453._RC.cub,"2007-292T08:54:44.533
",IR 0,889
processed/N1577094085._RC.cub,"2007-357T09:04:26.835
",120,343
processed/N1526619789._RC.cub,"2006-138T04:32:20.147
",0,343
processed/N1577094189._RC.cub,"2007-357T09:06:10.835
",60,343
processed/N1546026519._RC.cub,"2006-362T19:15:43.392
",IR 0,750
processed/N1571477673._RC.cub,"2007-292T08:58:24.531
",IR 0,938
processed/N1526619821._RC.cub,"2006-138T04:32:55.947
",0,441
processed/N1499416107._RC.cub,"2005-188T08:00:38.043
",120,619
processed/N1552432371._RC.cub,"2007-071T22:39:21.657
",120,619
processed/N1577094397._RC.cub,"2007-357T09:09:38.833
",0,441
processed/N1526619885._RC.cub,"2006-138T04:33:59.947
",120,441
processed/N1577094293._RC.cub,"2007-357T09:07:54.834
",0,343
processed/N1553821311._RC.cub,"2007-088T00:27:43.048
",120,343
processed/N1499416059._RC.cub,"2005-188T07:59:50.043
",60,619
processed/N1526619853._RC.cub,"2006-138T04:33:27.947
",60,441
processed/N1553821383._RC.cub,"2007-088T00:28:55.048
",60,343
processed/N1577094501._RC.cub,"2007-357T09:11:22.832
",60,441
processed/N1577094605._RC.cub,"2007-357T09:13:06.832
",120,441
processed/N1526619902._RC.cub,"2006-138T04:34:24.150
",120,569
processed/N1553821455._RC.cub,"2007-088T00:30:07.047
",0,343
processed/N1499416481._RC.cub,"2005-188T08:06:26.805
",IR 0,727
processed/N1526619935._RC.cub,"2006-138T04:34:57.150
",60,569
processed/N1553821559._RC.cub,"2007-088T00:31:33.055
",0,441
processed/N1577094677._RC.cub,"2007-357T09:15:12.839
",60,569
processed/N1553821663._RC.cub,"2007-088T00:33:17.054
",60,441
processed/N1553821767._RC.cub,"2007-088T00:35:01.053
",120,441
processed/N1526619968._RC.cub,"2006-138T04:35:30.150
",0,569
processed/N1499416283._RC.cub,"2005-188T08:03:33.995
",IR 0,750
processed/N1553821784._RC.cub,"2007-088T00:36:12.257
",120,569
processed/N1515805364._RC.cub,"2006-013T00:32:37.924
",120,343
processed/N1577094622._RC.cub,"2007-357T09:14:17.839
",120,569
processed/N1526620008._RC.cub,"2006-138T04:36:06.554
",0,619
processed/N1553821817._RC.cub,"2007-088T00:36:45.257
",60,569
processed/N1515805436._RC.cub,"2006-013T00:33:49.924
",60,343
processed/N1577094732._RC.cub,"2007-357T09:16:07.839
",0,569
processed/N1499416591._RC.cub,"2005-188T08:08:10.812
",IR 0,938
processed/N1553821850._RC.cub,"2007-088T00:37:18.057
",0,569
processed/N1526620070._RC.cub,"2006-138T04:37:08.553
",60,619
processed/N1553821898._RC.cub,"2007-088T00:37:58.060
",0,619
processed/N1515805508._RC.cub,"2006-013T00:34:53.923
",0,343
processed/N1577094802._RC.cub,"2007-357T09:17:11.642
",0,619
processed/N1526620132._RC.cub,"2006-138T04:38:10.553
",120,619
processed/N1553821946._RC.cub,"2007-088T00:38:47.860
",60,619
processed/N1577094872._RC.cub,"2007-357T09:18:21.641
",60,619
processed/N1515805612._RC.cub,"2006-013T00:36:15.930
",0,441
processed/N1515805716._RC.cub,"2006-013T00:38:11.930
",60,441
processed/N1567440268._RC.cub,"2007-245T15:29:29.803
",120,569
processed/N1526620322._RC.cub,"2006-138T04:41:10.124
",IR 0,750
processed/N1515805820._RC.cub,"2006-013T00:39:55.929
",120,441
processed/N1577094942._RC.cub,"2007-357T09:19:31.641
",120,619
processed/N1515805837._RC.cub,"2006-013T00:41:07.133
",120,569
processed/N1577095406._RC.cub,"2007-357T09:26:37.806
",IR 0,727
processed/N1567440323._RC.cub,"2007-245T15:30:24.807
",60,569
processed/N1526620618._RC.cub,"2006-138T04:45:25.115
",IR 0,727
processed/N1515805870._RC.cub,"2006-013T00:41:40.133
",60,569
processed/N1567440378._RC.cub,"2007-245T15:31:19.807
",0,569
processed/N1526620740._RC.cub,"2006-138T04:47:37.122
",IR 0,938
processed/N1577095115._RC.cub,"2007-357T09:22:17.816
",IR 0,750
processed/N1532135627._RC.cub,"2006-202T00:40:54.921
",IR 0,938
processed/N1515805951._RC.cub,"2006-013T00:42:56.136
",0,619
processed/N1578503520._RC.cub,"2008-008T16:34:51.874
",120,343
processed/N1515805903._RC.cub,"2006-013T00:42:12.932
",0,569
processed/N1577095516._RC.cub,"2007-357T09:28:35.806
",IR 0,938
processed/N1530757271._RC.cub,"2006-186T01:49:21.718
",IR 0,727
processed/N1570185991._RC.cub,"2007-277T10:11:15.406
",120,569
processed/N1515805983._RC.cub,"2006-013T00:43:29.336
",60,619
processed/N1530757419._RC.cub,"2006-186T01:51:13.725
",IR 0,938
processed/N1570186046._RC.cub,"2007-277T10:12:10.409
",60,569
processed/N1515806015._RC.cub,"2006-013T00:44:01.336
",120,619
processed/N1570186101._RC.cub,"2007-277T10:13:05.409
",0,569
processed/N1516015345._RC.cub,"2006-015T10:51:33.574
",IR 0,938
processed/N1532135812._RC.cub,"2006-202T00:43:59.920
",IR 0,938
processed/N1515806133._RC.cub,"2006-013T00:45:49.935
",IR 0,750
processed/N1578503592._RC.cub,"2008-008T16:36:13.877
",60,343
processed/N1532135997._RC.cub,"2006-202T00:47:04.919
",IR 0,938
processed/N1578503696._RC.cub,"2008-008T16:37:47.884
",0,343
processed/N1515806369._RC.cub,"2006-013T00:49:14.937
",IR 0,727
processed/N1570186288._RC.cub,"2007-277T10:16:06.215
",0,619
processed/N1578503803._RC.cub,"2008-008T16:40:29.091
",120,569
processed/N1532136360._RC.cub,"2006-202T00:53:07.932
",IR 0,889
processed/N1516015482._RC.cub,"2006-015T10:53:50.573
",IR 0,938
processed/N1578503858._RC.cub,"2008-008T16:41:24.095
",60,569
processed/N1570186358._RC.cub,"2007-277T10:17:16.215
",60,619
processed/N1515806463._RC.cub,"2006-013T00:51:02.937
",IR 0,938
processed/N1532136651._RC.cub,"2006-202T00:58:42.907
",IR 0,727
processed/N1578503913._RC.cub,"2008-008T16:42:18.894
",0,569
processed/N1570186428._RC.cub,"2007-277T10:18:26.214
",120,619
processed/N1578503983._RC.cub,"2008-008T16:43:22.702
",0,619
processed/N1532136934._RC.cub,"2006-202T01:03:13.897
",IR 0,619
processed/N1521213392._RC.cub,"2006-075T14:44:49.527
",120,343
processed/N1578504053._RC.cub,"2008-008T16:44:32.701
",60,619
processed/N1570186670._RC.cub,"2007-277T10:22:18.425
",IR 0,750
processed/N1617165653._RC.cub,"2009-090T04:00:04.745
",60,569
processed/N1521213528._RC.cub,"2006-075T14:47:05.526
",60,343
processed/N1578504123._RC.cub,"2008-008T16:45:42.701
",120,619
processed/N1683887480._RC.cub,"2011-132T09:42:36.295
",60,750
processed/N1617165670._RC.cub,"2009-090T04:00:21.744
",0,569
processed/N1683887558._RC.cub,"2011-132T09:43:54.295
",120,750
processed/N1570186858._RC.cub,"2007-277T10:25:12.431
",IR 0,727
processed/N1617165726._RC.cub,"2009-090T04:01:11.352
",120,619
processed/N1578504295._RC.cub,"2008-008T16:48:27.900
",IR 0,750
processed/N1684255700._RC.cub,"2011-136T15:59:26.970
",0,750
processed/N1570187128._RC.cub,"2007-277T10:29:28.430
",IR 0,889
processed/N1617165758._RC.cub,"2009-090T04:01:43.352
",60,619
processed/N1579532920._RC.cub,"2008-020T14:31:34.605
",120,343
processed/N1684255778._RC.cub,"2011-136T16:00:51.977
",60,750
processed/N1617165790._RC.cub,"2009-090T04:02:15.351
",0,619
processed/N1570187348._RC.cub,"2007-277T10:33:08.428
",IR 0,938
processed/N1617165846._RC.cub,"2009-090T04:03:12.759
",120,619
processed/N1684255856._RC.cub,"2011-136T16:02:06.976
",120,750
processed/N1579532992._RC.cub,"2008-020T14:32:46.604
",60,343
processed/N1571476494._RC.cub,"2007-292T08:39:29.508
",120,569
processed/N1684428501._RC.cub,"2011-138T15:59:26.844
",0,750
processed/N1617165878._RC.cub,"2009-090T04:03:44.759
",60,619
processed/N1617165910._RC.cub,"2009-090T04:04:16.758
",0,619
processed/N1684255950._RC.cub,"2011-136T16:03:36.980
",IR 0,750
processed/N1579533096._RC.cub,"2008-020T14:34:20.612
",0,343
processed/N1617165974._RC.cub,"2009-090T04:05:17.558
",120,750
processed/N1579533200._RC.cub,"2008-020T14:36:04.611
",0,441
processed/N1571476527._RC.cub,"2007-292T08:40:02.512
",60,569
processed/N1684428579._RC.cub,"2011-138T16:00:51.851
",60,750
processed/N1617166006._RC.cub,"2009-090T04:05:49.558
",60,750
processed/N1684428657._RC.cub,"2011-138T16:02:06.851
",120,750
processed/N1617166038._RC.cub,"2009-090T04:06:21.557
",0,750
processed/N1703583460._RC.cub,"2011-360T08:46:51.654
",60,750
processed/N1579533304._RC.cub,"2008-020T14:37:48.610
",60,441
processed/N1571476560._RC.cub,"2007-292T08:40:35.512
",0,569
processed/N1579533408._RC.cub,"2008-020T14:39:32.609
",120,441
processed/N1703583538._RC.cub,"2011-360T08:48:06.654
",120,750
processed/N1617166102._RC.cub,"2009-090T04:07:25.557
",120,727
processed/N1704678793._RC.cub,"2012-008T01:02:17.724
",0,750
processed/N1579533425._RC.cub,"2008-020T14:40:43.813
",120,569
processed/N1571476681._RC.cub,"2007-292T08:42:30.315
",0,619
processed/N1617166134._RC.cub,"2009-090T04:07:57.557
",60,727
processed/N1704678871._RC.cub,"2012-008T01:03:35.724
",60,750
processed/N1579533480._RC.cub,"2008-020T14:41:38.813
",60,569
processed/N1571476729._RC.cub,"2007-292T08:43:18.314
",60,619
processed/N1617166166._RC.cub,"2009-090T04:08:29.557
",0,727
processed/N1704678949._RC.cub,"2012-008T01:04:53.723
",120,750
processed/W1481629340._RC.cub,"2004-348T11:16:20.240
",0,939
processed/N1704828194._RC.cub,"2012-009T18:32:14.779
",0,750
processed/W1481629536._RC.cub,"2004-348T11:19:36.239
",0,939
processed/N1617167200._RC.cub,"2009-090T04:25:38.514
",120,343
processed/N1704828272._RC.cub,"2012-009T18:33:35.779
",60,750
processed/W1481629634._RC.cub,"2004-348T11:21:14.238
",0,939
processed/W1481629732._RC.cub,"2004-348T11:22:52.237
",0,939
processed/N1704828350._RC.cub,"2012-009T18:34:53.778
",120,750
processed/N1579533535._RC.cub,"2008-020T14:42:33.612
",0,569
processed/W1481629830._RC.cub,"2004-348T11:24:30.237
",0,939
processed/N1617167240._RC.cub,"2009-090T04:26:18.514
",60,343
processed/N1705059556._RC.cub,"2012-012T10:48:18.315
",0,750
processed/W1481629928._RC.cub,"2004-348T11:26:08.236
",0,939
processed/N1579533605._RC.cub,"2008-020T14:43:37.416
",0,619
processed/N1705059650._RC.cub,"2012-012T10:49:45.319
",60,750
processed/N1617167280._RC.cub,"2009-090T04:26:58.513
",0,343
processed/W1481630026._RC.cub,"2004-348T11:27:46.235
",0,939
processed/N1705059728._RC.cub,"2012-012T10:51:07.322
",120,750
processed/W1490962765._RC.cub,"2005-090T11:51:40.748
",90,939
processed/N1579533675._RC.cub,"2008-020T14:44:47.415
",60,619
processed/N1617167336._RC.cub,"2009-090T04:28:01.325
",120,441
processed/N1705145972._RC.cub,"2012-013T10:48:26.761
",0,750
processed/W1490964137._RC.cub,"2005-090T12:14:32.739
",90,939
processed/N1705146050._RC.cub,"2012-013T10:49:51.768
",60,750
processed/N1639306092._RC.cub,"2009-346T10:04:47.929
",IR 0,51
processed/W1490963097._RC.cub,"2005-090T11:56:46.746
",0,939
processed/N1705146128._RC.cub,"2012-013T10:51:06.767
",120,750
processed/N1617167368._RC.cub,"2009-090T04:28:33.325
",60,441
processed/W1490964487._RC.cub,"2005-090T12:19:56.737
",0,939
processed/N1705232373._RC.cub,"2012-014T10:48:27.214
",0,750
processed/W1490966563._RC.cub,"2005-090T12:54:32.723
",0,939
processed/N1579533745._RC.cub,"2008-020T14:45:57.415
",120,619
processed/N1705232451._RC.cub,"2012-014T10:49:52.221
",60,750
processed/N1639306137._RC.cub,"2009-346T10:05:32.833
",0,51
processed/W1490966913._RC.cub,"2005-090T13:00:22.721
",0,939
processed/N1705232529._RC.cub,"2012-014T10:51:07.221
",120,750
processed/N1639306170._RC.cub,"2009-346T10:06:05.933
",120,51
processed/W1490968663._RC.cub,"2005-090T13:30:46.510
",0,728
processed/N1639306203._RC.cub,"2009-346T10:06:38.932
",60,51
processed/N1705318757._RC.cub,"2012-015T10:48:17.675
",0,750
processed/N1579533918._RC.cub,"2008-020T14:48:40.586
",IR 0,750
processed/W1490967968._RC.cub,"2005-090T13:19:15.114
",90,728
processed/N1639409310._RC.cub,"2009-347T14:45:05.099
",60,51
processed/N1705318851._RC.cub,"2012-015T10:49:44.679
",60,750
processed/W1490969018._RC.cub,"2005-090T13:35:27.708
",0,939
processed/N1579534193._RC.cub,"2008-020T14:52:47.576
",IR 0,727
processed/N1639409255._RC.cub,"2009-347T14:44:10.196
",0,51
processed/N1705318929._RC.cub,"2012-015T10:51:06.682
",120,750
processed/N1605442887._RC.cub,"2008-320T11:40:42.863
",120,441
processed/W1490969373._RC.cub,"2005-090T13:41:22.705
",0,939
processed/N1639409365._RC.cub,"2009-347T14:46:00.099
",120,51
processed/N1705490718._RC.cub,"2012-017T10:34:14.547
",0,750
processed/W1490971478._RC.cub,"2005-090T14:17:47.692
",0,752
processed/N1605443063._RC.cub,"2008-320T11:44:22.862
",0,343
processed/N1639409420._RC.cub,"2009-347T14:46:55.278
",IR 0,51
processed/W1490970063._RC.cub,"2005-090T13:52:52.701
",0,890
processed/N1605443303._RC.cub,"2008-320T11:48:22.860
",60,343
processed/N1705490796._RC.cub,"2012-017T10:35:35.547
",60,750
processed/W1490990801._RC.cub,"2005-090T19:39:40.583
",0,939
processed/N1639442320._RC.cub,"2009-347T23:55:14.861
",60,51
processed/N1705490874._RC.cub,"2012-017T10:36:53.546
",120,750
processed/N1605443512._RC.cub,"2008-320T11:51:51.859
",120,343
processed/W1490990850._RC.cub,"2005-090T19:40:29.583
",0,939
processed/N1639442404._RC.cub,"2009-347T23:56:38.964
",0,51
processed/N1617163600._RC.cub,"2009-090T03:25:38.540
",120,343
processed/W1490990899._RC.cub,"2005-090T19:41:18.583
",0,939
processed/N1705626619._RC.cub,"2012-019T00:19:17.694
",0,750
processed/W1490972178._RC.cub,"2005-090T14:29:21.487
",0,728
processed/N1617163640._RC.cub,"2009-090T03:26:18.539
",60,343
processed/N1646515265._RC.cub,"2010-064T20:36:49.381
",60,51
processed/N1705626697._RC.cub,"2012-019T00:20:35.693
",60,750
processed/W1490991144._RC.cub,"2005-090T19:45:23.581
",0,939
processed/N1646512697._RC.cub,"2010-064T19:54:01.279
",0,51
processed/W1490991193._RC.cub,"2005-090T19:46:12.581
",0,939
processed/N1617163680._RC.cub,"2009-090T03:26:58.539
",0,343
processed/N1705626775._RC.cub,"2012-019T00:21:53.693
",120,750
processed/W1490991242._RC.cub,"2005-090T19:47:01.580
",0,939
processed/N1650771619._RC.cub,"2010-114T02:55:32.541
",0,51
processed/N1705800020._RC.cub,"2012-021T00:29:17.595
",0,750
processed/N1617163736._RC.cub,"2009-090T03:28:01.350
",120,441
processed/W1490991487._RC.cub,"2005-090T19:51:06.579
",0,939
processed/N1646517933._RC.cub,"2010-064T21:21:17.362
",120,51
processed/W1490991536._RC.cub,"2005-090T19:51:55.579
",0,939
processed/N1705800098._RC.cub,"2012-021T00:30:35.595
",60,750
processed/N1650771681._RC.cub,"2010-114T02:56:35.184
",60,51
processed/N1617163768._RC.cub,"2009-090T03:28:33.350
",60,441
processed/W1490991585._RC.cub,"2005-090T19:52:44.578
",0,939
processed/W1490991825._RC.cub,"2005-090T19:56:44.581
",0,939
processed/N1617163800._RC.cub,"2009-090T03:29:05.350
",0,441
processed/W1490991857._RC.cub,"2005-090T19:57:16.580
",0,939
processed/N1705800176._RC.cub,"2012-021T00:31:53.594
",120,750
processed/N1650771742._RC.cub,"2010-114T02:57:36.068
",120,51
processed/W1490998906._RC.cub,"2005-090T21:54:53.747
",90,917
processed/N1617163836._RC.cub,"2009-090T03:29:47.754
",120,569
processed/N1705971321._RC.cub,"2012-023T00:04:14.510
",0,750
processed/N1650771775._RC.cub,"2010-114T02:58:08.248
",IR 0,51
processed/W1492341452._RC.cub,"2005-106T10:49:12.998
",0,890
processed/N1705971399._RC.cub,"2012-023T00:05:35.509
",60,750
processed/N1617163853._RC.cub,"2009-090T03:30:04.757
",60,569
processed/W1492341540._RC.cub,"2005-106T10:51:25.006
",90,890
processed/N1655128204._RC.cub,"2010-164T13:04:47.188
",IR 0,51
processed/N1705971477._RC.cub,"2012-023T00:06:53.509
",120,750
processed/N1655128273._RC.cub,"2010-164T13:05:56.091
",0,51
processed/W1492341920._RC.cub,"2005-106T10:57:00.976
",0,939
processed/N1706144483._RC.cub,"2012-025T00:10:18.413
",0,750
processed/N1617163870._RC.cub,"2009-090T03:30:21.757
",0,569
processed/N1655128335._RC.cub,"2010-164T13:06:57.451
",60,51
processed/N1617163926._RC.cub,"2009-090T03:31:11.369
",120,619
processed/N1655128397._RC.cub,"2010-164T13:07:59.650
",120,51
processed/N1617163958._RC.cub,"2009-090T03:31:43.368
",60,619
processed/N1706144577._RC.cub,"2012-025T00:11:45.416
",60,750
processed/W1492342008._RC.cub,"2005-106T10:59:04.983
",90,939
processed/N1656199057._RC.cub,"2010-176T22:32:12.434
",0,51
processed/N1617163990._RC.cub,"2009-090T03:32:15.368
",0,619
processed/N1757695025._RC.cub,"2013-255T15:40:45.189
",120,569
processed/N1757695063._RC.cub,"2013-255T15:41:15.181
",0,619
processed/N1617164078._RC.cub,"2009-090T03:33:44.775
",60,619
processed/N1656199181._RC.cub,"2010-176T22:34:16.437
",120,51
processed/N1617164046._RC.cub,"2009-090T03:33:12.776
",120,619
processed/N1757695123._RC.cub,"2013-255T15:42:15.188
",60,619
processed/W1492346878._RC.cub,"2005-106T12:20:14.925
",0,939
processed/N1656199119._RC.cub,"2010-176T22:33:14.317
",60,51
processed/N1617164110._RC.cub,"2009-090T03:34:16.775
",0,619
processed/N1757695155._RC.cub,"2013-255T15:42:47.188
",120,619
processed/N1656199262._RC.cub,"2010-176T22:35:37.540
",IR 0,51
processed/N1760443668._RC.cub,"2013-287T11:10:54.771
",IR 0,750
processed/N1617164238._RC.cub,"2009-090T03:36:21.574
",0,750
processed/N1760443741._RC.cub,"2013-287T11:12:07.771
",60,750
processed/N1656457471._RC.cub,"2010-179T22:19:04.592
",0,51
processed/W1492346999._RC.cub,"2005-106T12:22:15.924
",90,939
processed/N1617164302._RC.cub,"2009-090T03:37:25.574
",120,727
processed/N1778988163._RC.cub,"2014-137T02:23:23.872
",120,343
processed/W1492348054._RC.cub,"2005-106T12:40:28.717
",0,728
processed/N1778988235._RC.cub,"2014-137T02:24:35.872
",60,343
processed/N1617164334._RC.cub,"2009-090T03:37:57.573
",60,727
processed/N1656457533._RC.cub,"2010-179T22:20:06.155
",60,51
processed/N1760443814._RC.cub,"2013-287T11:13:20.770
",120,750
processed/W1492348175._RC.cub,"2005-106T12:42:33.316
",90,728
processed/N1617164366._RC.cub,"2009-090T03:38:29.573
",0,727
processed/N1778988307._RC.cub,"2014-137T02:25:47.872
",0,343
processed/N1656457595._RC.cub,"2010-179T22:21:08.335
",120,51
processed/N1617165400._RC.cub,"2009-090T03:55:38.527
",120,343
processed/N1778988331._RC.cub,"2014-137T02:26:53.275
",0,750
processed/W1492349230._RC.cub,"2005-106T12:59:26.910
",0,890
processed/N1657300603._RC.cub,"2010-189T16:31:10.560
",60,51
processed/N1778988355._RC.cub,"2014-137T02:27:17.275
",60,750
processed/N1617165440._RC.cub,"2009-090T03:56:18.527
",60,343
processed/N1778988379._RC.cub,"2014-137T02:27:41.275
",120,750
processed/N1617165480._RC.cub,"2009-090T03:56:58.526
",0,343
processed/N1781768077._RC.cub,"2014-169T06:34:50.171
",0,343
processed/W1492349351._RC.cub,"2005-106T13:01:27.909
",90,890
processed/N1657300546._RC.cub,"2010-189T16:30:13.461
",120,51
processed/N1617165536._RC.cub,"2009-090T03:58:01.338
",120,441
processed/N1781768181._RC.cub,"2014-169T06:36:34.170
",60,343
processed/W1492350406._RC.cub,"2005-106T13:19:46.902
",0,752
processed/N1781768285._RC.cub,"2014-169T06:38:18.170
",120,343
processed/N1657300687._RC.cub,"2010-189T16:32:34.460
",0,51
processed/N1617165568._RC.cub,"2009-090T03:58:33.337
",60,441
processed/N1781768349._RC.cub,"2014-169T06:40:11.373
",60,569
processed/N1656457676._RC.cub,"2010-179T22:22:29.702
",IR 0,51
processed/N1781768317._RC.cub,"2014-169T06:39:39.373
",120,569
processed/N1617165600._RC.cub,"2009-090T03:59:05.337
",0,441
processed/N1781768381._RC.cub,"2014-169T06:40:43.373
",0,569
processed/N1678374295._RC.cub,"2011-068T14:16:43.124
",120,750
processed/W1492350527._RC.cub,"2005-106T13:21:48.401
",90,752
processed/N1781768453._RC.cub,"2014-169T06:41:16.180
",0,750
processed/N1678546056._RC.cub,"2011-070T13:59:03.040
",0,750
processed/N1617165636._RC.cub,"2009-090T03:59:47.741
",120,569
processed/N1781768525._RC.cub,"2014-169T06:42:28.180
",60,750
processed/N1678546134._RC.cub,"2011-070T14:00:41.043
",60,750
processed/W1477490884._RC.cub,"2004-300T13:42:28.161
",90,939
processed/W1516040963._RC.cub,"2006-015T17:59:27.401
",90,939
processed/N1678546228._RC.cub,"2011-070T14:02:11.046
",120,750
processed/W1492355111._RC.cub,"2005-106T14:37:27.872
",0,939
processed/W1477472212._RC.cub,"2004-300T08:30:23.282
",0,939
processed/W1519689076._RC.cub,"2006-057T23:20:37.229
",90,890
processed/N1680116850._RC.cub,"2011-088T18:19:07.118
",0,750
processed/W1492355232._RC.cub,"2005-106T14:39:28.871
",90,939
processed/W1519691346._RC.cub,"2006-057T23:59:11.715
",0,752
processed/N1680116944._RC.cub,"2011-088T18:20:27.122
",60,750
processed/W1467509271._RC.cub,"2004-185T01:01:55.234
",0,939
processed/W1496747412._RC.cub,"2005-157T10:41:24.798
",0,939
processed/W1519710132._RC.cub,"2006-058T05:11:47.095
",90,890
processed/N1680117038._RC.cub,"2011-088T18:22:01.121
",120,750
processed/W1477490941._RC.cub,"2004-300T13:43:25.160
",90,939
processed/W1496753247._RC.cub,"2005-157T12:18:39.761
",0,939
processed/N1680806238._RC.cub,"2011-096T17:48:53.764
",0,750
processed/W1519692477._RC.cub,"2006-058T00:17:58.608
",90,728
processed/W1477490998._RC.cub,"2004-300T13:44:22.160
",0,939
processed/W1496756973._RC.cub,"2005-157T13:20:45.737
",0,939
processed/N1680806332._RC.cub,"2011-096T17:50:16.768
",60,750
processed/W1496764179._RC.cub,"2005-157T15:20:51.691
",0,939
processed/W1477472365._RC.cub,"2004-300T08:32:56.281
",90,939
processed/W1519710637._RC.cub,"2006-058T05:20:12.092
",0,890
processed/N1680806426._RC.cub,"2011-096T17:51:50.767
",120,750
processed/W1503356320._RC.cub,"2005-233T22:29:36.541
",0,939
processed/N1681300341._RC.cub,"2011-102T11:03:50.644
",0,750
processed/W1503356440._RC.cub,"2005-233T22:31:36.540
",90,939
processed/W1519711597._RC.cub,"2006-058T05:36:42.586
",90,752
processed/N1681300435._RC.cub,"2011-102T11:05:16.647
",60,750
processed/W1477491055._RC.cub,"2004-300T13:45:19.159
",0,939
processed/W1503387904._RC.cub,"2005-234T07:15:34.362
",0,890
processed/W1519712092._RC.cub,"2006-058T05:44:57.582
",0,752
processed/W1481629242._RC.cub,"2004-348T11:14:42.241
",0,939
processed/N1682005126._RC.cub,"2011-110T14:50:14.165
",0,750
processed/W1503387998._RC.cub,"2005-234T07:17:58.369
",90,890
processed/W1519713072._RC.cub,"2006-058T06:01:13.476
",90,728
processed/W1481629438._RC.cub,"2004-348T11:17:58.239
",0,939
processed/N1682005254._RC.cub,"2011-110T14:52:22.164
",60,750
processed/W1503388534._RC.cub,"2005-234T07:26:04.338
",0,939
processed/W1526791178._RC.cub,"2006-140T04:08:48.044
",0,728
processed/W1519713587._RC.cub,"2006-058T06:09:48.473
",0,728
processed/N1682005382._RC.cub,"2011-110T14:54:30.163
",120,750
processed/W1526791218._RC.cub,"2006-140T04:09:36.247
",0,752
processed/W1503388644._RC.cub,"2005-234T07:28:30.345
",90,939
processed/W1526791251._RC.cub,"2006-140T04:10:11.555
",90,752
processed/W1521366072._RC.cub,"2006-077T09:10:30.630
",90,890
processed/N1681300529._RC.cub,"2011-102T11:06:50.646
",120,750
processed/W1521366224._RC.cub,"2006-077T09:12:00.637
",0,890
processed/W1526791500._RC.cub,"2006-140T04:11:52.057
",0,890
processed/W1503398607._RC.cub,"2005-234T10:14:11.293
",0,890
processed/N1682031650._RC.cub,"2011-110T22:12:18.009
",0,750
processed/W1526791572._RC.cub,"2006-140T04:15:12.061
",90,890
processed/W1521366290._RC.cub,"2006-077T09:14:45.441
",90,752
processed/W1503398679._RC.cub,"2005-234T10:16:09.301
",90,890
processed/W1521366323._RC.cub,"2006-077T09:15:17.641
",0,752
processed/W1526792330._RC.cub,"2006-140T04:28:08.232
",90,728
processed/N1682031728._RC.cub,"2011-110T22:13:36.008
",60,750
processed/W1503399091._RC.cub,"2005-234T10:22:01.278
",0,939
processed/W1521366403._RC.cub,"2006-077T09:16:35.044
",90,728
processed/W1526792378._RC.cub,"2006-140T04:28:48.036
",0,728
processed/W1521366451._RC.cub,"2006-077T09:17:19.448
",0,728
processed/N1682031806._RC.cub,"2011-110T22:14:54.008
",120,750
processed/W1526792418._RC.cub,"2006-140T04:29:36.240
",0,752
processed/W1503399179._RC.cub,"2005-234T10:24:05.282
",90,939
processed/W1521367303._RC.cub,"2006-077T09:30:17.595
",0,939
processed/N1682446673._RC.cub,"2011-115T17:29:15.395
",0,750
processed/W1526792451._RC.cub,"2006-140T04:30:11.547
",90,752
processed/W1521367488._RC.cub,"2006-077T09:33:22.594
",0,939
processed/W1504742630._RC.cub,"2005-249T23:34:11.686
",0,890
processed/W1526792700._RC.cub,"2006-140T04:31:52.050
",0,890
processed/W1521367673._RC.cub,"2006-077T09:36:27.593
",0,939
processed/N1682446751._RC.cub,"2011-115T17:30:36.395
",60,750
processed/W1504742718._RC.cub,"2005-249T23:36:15.693
",90,890
processed/W1521367858._RC.cub,"2006-077T09:39:32.592
",0,939
processed/W1526792772._RC.cub,"2006-140T04:35:12.053
",90,890
processed/N1682446829._RC.cub,"2011-115T17:31:51.394
",120,750
processed/W1521368043._RC.cub,"2006-077T09:42:37.591
",0,939
processed/W1526810259._RC.cub,"2006-140T09:26:42.938
",90,890
processed/N1683887402._RC.cub,"2011-132T09:41:18.296
",0,750
processed/W1521372152._RC.cub,"2006-077T10:51:50.568
",90,890
processed/W1504743122._RC.cub,"2005-249T23:42:23.660
",0,939
processed/W1526810475._RC.cub,"2006-140T09:28:06.940
",0,890
processed/W1521372304._RC.cub,"2006-077T10:53:20.571
",0,890
processed/W1526810541._RC.cub,"2006-140T09:31:41.744
",90,752
processed/W1504743210._RC.cub,"2005-249T23:44:27.663
",90,939
processed/W1537700762._RC.cub,"2006-266T10:33:52.402
",90,939
processed/W1526810581._RC.cub,"2006-140T09:32:19.151
",0,752
processed/W1521372370._RC.cub,"2006-077T10:56:05.379
",90,752
processed/W1526810709._RC.cub,"2006-140T09:34:18.954
",0,728
processed/W1504745955._RC.cub,"2005-250T00:30:02.634
",0,939
processed/W1537700866._RC.cub,"2006-266T10:35:20.409
",0,890
processed/W1521372403._RC.cub,"2006-077T10:56:37.578
",0,752
processed/W1526810661._RC.cub,"2006-140T09:33:39.751
",90,728
processed/W1537700898._RC.cub,"2006-266T10:36:20.417
",90,890
processed/W1521372483._RC.cub,"2006-077T10:57:54.982
",90,728
processed/W1526840974._RC.cub,"2006-140T17:57:15.730
",0,890
processed/W1537700951._RC.cub,"2006-266T10:37:21.424
",0,752
processed/W1504746108._RC.cub,"2005-250T00:32:35.633
",90,939
processed/W1537677956._RC.cub,"2006-266T04:14:06.590
",90,728
processed/W1526841046._RC.cub,"2006-140T17:59:41.738
",90,890
processed/W1521372531._RC.cub,"2006-077T10:58:39.385
",0,728
processed/W1526841079._RC.cub,"2006-140T18:00:39.241
",90,752
processed/W1537700968._RC.cub,"2006-266T10:37:39.748
",90,752
processed/W1521395345._RC.cub,"2006-077T17:17:21.405
",0,890
processed/W1514296766._RC.cub,"2005-360T13:29:22.578
",90,890
processed/W1537701018._RC.cub,"2006-266T10:38:24.839
",0,728
processed/W1521394881._RC.cub,"2006-077T17:10:39.408
",90,890
processed/W1526841119._RC.cub,"2006-140T18:01:16.945
",0,752
processed/W1514297151._RC.cub,"2005-360T13:35:47.575
",0,890
processed/W1521396147._RC.cub,"2006-077T17:32:22.200
",90,752
processed/W1526841240._RC.cub,"2006-140T18:03:09.760
",0,728
processed/W1537701035._RC.cub,"2006-266T10:38:45.643
",90,728
processed/W1537701213._RC.cub,"2006-266T10:40:49.457
",0,939
processed/W1514297926._RC.cub,"2005-360T13:49:27.070
",90,752
processed/W1526841280._RC.cub,"2006-140T18:03:57.964
",90,728
processed/W1521399566._RC.cub,"2006-077T18:29:21.178
",90,752
processed/W1537701269._RC.cub,"2006-266T10:42:19.461
",90,939
processed/W1514298286._RC.cub,"2005-360T13:55:27.068
",0,752
processed/W1526844473._RC.cub,"2006-140T18:55:34.704
",0,890
processed/W1521403877._RC.cub,"2006-077T19:41:05.151
",0,728
processed/W1537701373._RC.cub,"2006-266T10:43:47.472
",0,890
processed/W1526844545._RC.cub,"2006-140T18:58:00.708
",90,890
processed/W1521404291._RC.cub,"2006-077T19:47:41.348
",0,890
processed/W1516015345._RC.cub,"2006-015T10:51:33.574
",0,939
processed/W1514299016._RC.cub,"2005-360T14:07:32.963
",90,728
processed/W1521400002._RC.cub,"2006-077T18:36:36.375
",0,752
processed/W1526844578._RC.cub,"2006-140T18:58:58.215
",90,752
processed/W1537701405._RC.cub,"2006-266T10:44:47.476
",90,890
processed/W1526844618._RC.cub,"2006-140T18:59:36.519
",0,752
processed/W1521404737._RC.cub,"2006-077T19:54:55.345
",90,890
processed/W1537701458._RC.cub,"2006-266T10:45:48.483
",0,752
processed/W1516015482._RC.cub,"2006-015T10:53:50.573
",0,939
processed/W1526844739._RC.cub,"2006-140T19:01:28.734
",0,728
processed/W1521405167._RC.cub,"2006-077T20:02:38.742
",90,728
processed/W1537701475._RC.cub,"2006-266T10:46:06.811
",90,752
processed/W1516040863._RC.cub,"2006-015T17:57:35.394
",0,939
processed/W1526844779._RC.cub,"2006-140T19:02:16.937
",90,728
processed/W1537701525._RC.cub,"2006-266T10:46:51.898
",0,728
processed/W1553593396._RC.cub,"2007-085T09:09:46.306
",90,752
processed/W1526850026._RC.cub,"2006-140T20:27:47.673
",0,890
processed/W1521405681._RC.cub,"2006-077T20:11:12.739
",90,728
processed/W1537701542._RC.cub,"2006-266T10:47:12.702
",90,728
processed/W1526850098._RC.cub,"2006-140T20:30:37.680
",90,890
processed/W1553593444._RC.cub,"2007-085T09:10:28.710
",0,728
processed/W1537701800._RC.cub,"2006-266T10:50:36.512
",0,939
processed/W1521406111._RC.cub,"2006-077T20:18:19.136
",0,728
processed/W1526850171._RC.cub,"2006-140T20:32:09.487
",0,752
processed/W1553593484._RC.cub,"2007-085T09:11:10.917
",90,728
processed/W1537701856._RC.cub,"2006-266T10:52:06.516
",90,939
processed/W1521406511._RC.cub,"2006-077T20:24:59.134
",0,728
processed/W1526850131._RC.cub,"2006-140T20:31:31.484
",90,752
processed/W1567266769._RC.cub,"2007-243T15:17:53.241
",0,752
processed/W1537701960._RC.cub,"2006-266T10:53:34.527
",0,890
processed/W1526850292._RC.cub,"2006-140T20:34:01.702
",0,728
processed/W1537701992._RC.cub,"2006-266T10:54:34.531
",90,890
processed/W1567266802._RC.cub,"2007-243T15:18:26.241
",90,752
processed/W1537702045._RC.cub,"2006-266T10:55:35.538
",0,752
processed/W1526850332._RC.cub,"2006-140T20:34:49.906
",90,728
processed/W1521440079._RC.cub,"2006-078T05:44:17.147
",90,890
processed/W1569957716._RC.cub,"2007-274T18:46:21.850
",0,939
processed/W1537702062._RC.cub,"2006-266T10:55:53.866
",90,752
processed/W1526852621._RC.cub,"2006-140T21:11:02.656
",0,890
processed/W1569957794._RC.cub,"2007-274T18:47:43.853
",90,939
processed/W1537702112._RC.cub,"2006-266T10:56:38.949
",0,728
processed/W1521440199._RC.cub,"2006-078T05:45:13.150
",0,890
processed/W1569957922._RC.cub,"2007-274T18:50:08.668
",90,728
processed/W1526852693._RC.cub,"2006-140T21:13:52.663
",90,890
processed/W1537702129._RC.cub,"2006-266T10:56:59.753
",90,728
processed/W1521440265._RC.cub,"2006-078T05:47:40.154
",90,752
processed/W1526852726._RC.cub,"2006-140T21:14:46.467
",90,752
processed/W1569957988._RC.cub,"2007-274T18:51:15.408
",0,752
processed/W1526852766._RC.cub,"2006-140T21:15:23.871
",0,752
processed/W1537702387._RC.cub,"2006-266T11:00:23.567
",0,939
processed/W1521440305._RC.cub,"2006-078T05:48:17.958
",0,752
processed/W1569957955._RC.cub,"2007-274T18:50:41.668
",0,728
processed/W1537702443._RC.cub,"2006-266T11:01:53.571
",90,939
processed/W1526852887._RC.cub,"2006-140T21:17:16.686
",0,728
processed/W1521440379._RC.cub,"2006-078T05:49:32.569
",90,728
processed/W1537702547._RC.cub,"2006-266T11:03:21.582
",0,890
processed/W1532135627._RC.cub,"2006-202T00:41:38.921
",0,939
processed/W1569958021._RC.cub,"2007-274T18:51:48.408
",90,752
processed/W1570025236._RC.cub,"2007-275T13:31:31.407
",0,939
processed/W1532135812._RC.cub,"2006-202T00:44:43.920
",0,939
processed/W1521440427._RC.cub,"2006-078T05:50:14.972
",0,728
processed/W1537702579._RC.cub,"2006-266T11:04:21.585
",90,890
processed/W1570025330._RC.cub,"2007-275T13:33:05.407
",90,939
processed/W1532135997._RC.cub,"2006-202T00:47:48.919
",0,939
processed/W1521465459._RC.cub,"2006-078T12:47:16.970
",90,890
processed/W1570025467._RC.cub,"2007-275T13:35:52.421
",90,728
processed/W1532136360._RC.cub,"2006-202T00:54:15.932
",0,890
processed/W1537702632._RC.cub,"2006-266T11:05:22.593
",0,752
processed/W1521465579._RC.cub,"2006-078T12:48:12.973
",0,890
processed/W1570025500._RC.cub,"2007-275T13:36:25.425
",0,728
processed/W1537702699._RC.cub,"2006-266T11:06:26.004
",0,728
processed/W1532136436._RC.cub,"2006-202T00:55:51.935
",90,890
processed/W1521465645._RC.cub,"2006-078T12:50:39.977
",90,752
processed/W1532136651._RC.cub,"2006-202T00:59:34.307
",0,728
processed/W1537702649._RC.cub,"2006-266T11:05:40.913
",90,752
processed/W1570025533._RC.cub,"2007-275T13:36:59.745
",0,752
processed/W1521465759._RC.cub,"2006-078T12:52:32.391
",90,728
processed/W1532136712._RC.cub,"2006-202T01:00:37.910
",90,728
processed/W1537702716._RC.cub,"2006-266T11:06:46.808
",90,728
processed/W1570025566._RC.cub,"2007-275T13:37:32.745
",90,752
processed/W1521465685._RC.cub,"2006-078T12:51:17.784
",0,752
processed/W1537702974._RC.cub,"2006-266T11:10:10.622
",0,939
processed/W1532137193._RC.cub,"2006-202T01:08:40.091
",90,752
processed/W1525100318._RC.cub,"2006-120T14:28:09.800
",0,752
processed/W1532137088._RC.cub,"2006-202T01:06:54.108
",0,752
processed/W1574157949._RC.cub,"2007-323T09:29:11.553
",90,939
processed/W1537703030._RC.cub,"2006-266T11:11:40.626
",90,939
processed/W1532147562._RC.cub,"2006-202T04:00:33.829
",0,939
processed/W1525100693._RC.cub,"2006-120T14:34:24.798
",90,752
processed/W1574158179._RC.cub,"2007-323T09:33:51.963
",0,728
processed/W1521465807._RC.cub,"2006-078T12:53:14.795
",0,728
processed/W1532147747._RC.cub,"2006-202T04:03:38.828
",0,939
processed/W1540462112._RC.cub,"2006-298T09:36:25.785
",90,752
processed/W1525110005._RC.cub,"2006-120T17:08:51.766
",0,890
processed/W1574158131._RC.cub,"2007-323T09:33:03.963
",90,728
processed/W1532148295._RC.cub,"2006-202T04:13:10.840
",0,890
processed/W1532147932._RC.cub,"2006-202T04:06:43.827
",0,939
processed/W1525101407._RC.cub,"2006-120T14:46:14.194
",0,728
processed/W1574158212._RC.cub,"2007-323T09:34:29.071
",0,752
processed/W1525101749._RC.cub,"2006-120T14:51:57.191
",90,728
processed/W1532148586._RC.cub,"2006-202T04:18:29.230
",0,728
processed/W1540462152._RC.cub,"2006-298T09:37:04.189
",0,752
processed/W1532148647._RC.cub,"2006-202T04:19:32.834
",90,728
processed/W1525110390._RC.cub,"2006-120T17:15:24.764
",90,890
processed/W1574158245._RC.cub,"2007-323T09:35:02.070
",90,752
processed/W1540462226._RC.cub,"2006-298T09:38:18.196
",90,728
processed/W1532149015._RC.cub,"2006-202T04:25:41.032
",0,752
processed/W1575471732._RC.cub,"2007-338T14:25:55.271
",0,939
processed/W1525111112._RC.cub,"2006-120T17:28:00.151
",90,728
processed/W1532149120._RC.cub,"2006-202T04:27:27.015
",90,752
processed/W1575471826._RC.cub,"2007-338T14:27:29.270
",90,939
processed/W1525111535._RC.cub,"2006-120T17:35:02.149
",0,728
processed/W1532159489._RC.cub,"2006-202T07:19:20.753
",0,939
processed/W1575471963._RC.cub,"2007-338T14:30:10.481
",90,728
processed/W1532159674._RC.cub,"2006-202T07:22:25.752
",0,939
processed/W1575471996._RC.cub,"2007-338T14:30:43.489
",0,728
processed/W1540462274._RC.cub,"2006-298T09:39:00.604
",0,728
processed/W1525112292._RC.cub,"2006-120T17:47:43.244
",0,752
processed/W1532159859._RC.cub,"2006-202T07:25:30.751
",0,939
processed/W1575472029._RC.cub,"2007-338T14:31:17.608
",0,752
processed/W1532160222._RC.cub,"2006-202T07:31:57.764
",0,890
processed/W1525113856._RC.cub,"2006-120T18:13:47.534
",90,752
processed/W1575472062._RC.cub,"2007-338T14:31:50.608
",90,752
processed/W1544608367._RC.cub,"2006-346T09:19:53.429
",90,890
processed/W1578226341._RC.cub,"2008-005T11:35:32.848
",90,939
processed/W1526788939._RC.cub,"2006-140T03:31:37.262
",90,728
processed/W1536325174._RC.cub,"2006-250T12:26:59.191
",0,939
processed/W1526788987._RC.cub,"2006-140T03:32:17.069
",0,728
processed/W1544608509._RC.cub,"2006-346T09:21:15.432
",0,890
processed/W1536325294._RC.cub,"2006-250T12:29:43.198
",90,890
processed/W1578226231._RC.cub,"2008-005T11:33:54.845
",0,939
processed/W1526789027._RC.cub,"2006-140T03:33:05.273
",0,752
processed/W1544608581._RC.cub,"2006-346T09:23:48.236
",90,752
processed/W1536325246._RC.cub,"2006-250T12:28:41.195
",90,939
processed/W1578226478._RC.cub,"2008-005T11:38:25.862
",90,728
processed/W1526789060._RC.cub,"2006-140T03:33:40.877
",90,752
processed/W1578226511._RC.cub,"2008-005T11:38:59.066
",0,728
processed/W1536325327._RC.cub,"2006-250T12:30:27.382
",90,752
processed/W1544608605._RC.cub,"2006-346T09:24:10.844
",0,752
processed/W1526789309._RC.cub,"2006-140T03:35:21.079
",0,890
processed/W1578293360._RC.cub,"2008-006T06:12:51.370
",0,939
processed/W1544608647._RC.cub,"2006-346T09:24:52.251
",90,728
processed/W1536325360._RC.cub,"2006-250T12:30:59.202
",90,728
processed/W1526789381._RC.cub,"2006-140T03:38:41.086
",90,890
processed/W1578226544._RC.cub,"2008-005T11:39:33.186
",0,752
processed/W1544608679._RC.cub,"2006-346T09:25:19.255
",0,728
processed/W1526790170._RC.cub,"2006-140T03:52:08.242
",90,728
processed/W1537677522._RC.cub,"2006-266T04:06:28.550
",90,939
processed/W1578226577._RC.cub,"2008-005T11:40:06.046
",90,752
processed/W1526790218._RC.cub,"2006-140T03:52:48.046
",0,728
processed/W1544658166._RC.cub,"2006-346T23:10:04.109
",0,728
processed/W1578293400._RC.cub,"2008-006T06:13:34.370
",90,939
processed/W1537677450._RC.cub,"2006-266T04:04:34.547
",0,939
processed/W1526790291._RC.cub,"2006-140T03:54:11.853
",90,752
processed/W1544658206._RC.cub,"2006-346T23:10:49.513
",90,728
processed/W1526790258._RC.cub,"2006-140T03:53:36.250
",0,752
processed/W1612724014._RC.cub,"2009-038T18:12:33.117
",0,939
processed/W1544658246._RC.cub,"2006-346T23:11:31.513
",0,752
processed/W1537677658._RC.cub,"2006-266T04:08:24.557
",0,890
processed/W1612724124._RC.cub,"2009-038T18:14:23.117
",90,939
processed/W1526790540._RC.cub,"2006-140T03:55:52.059
",0,890
processed/W1537677706._RC.cub,"2006-266T04:09:46.565
",90,890
processed/W1612724390._RC.cub,"2009-038T18:19:13.126
",90,890
processed/W1526790612._RC.cub,"2006-140T03:59:12.063
",90,890
processed/W1544658279._RC.cub,"2006-346T23:12:05.616
",90,752
processed/W1537677807._RC.cub,"2006-266T04:11:37.572
",0,752
processed/W1526791130._RC.cub,"2006-140T04:08:08.240
",90,728
processed/W1612724484._RC.cub,"2009-038T18:20:47.126
",0,890
processed/W1544658471._RC.cub,"2006-346T23:13:39.127
",0,890
processed/W1629930075._RC.cub,"2009-237T21:38:11.813
",90,890
processed/W1537677840._RC.cub,"2006-266T04:12:11.755
",90,752
processed/W1537677923._RC.cub,"2006-266T04:13:28.787
",0,728
processed/W1629930147._RC.cub,"2009-237T21:39:23.813
",0,890
processed/W1612724554._RC.cub,"2009-038T18:22:07.133
",0,728
processed/W1544658559._RC.cub,"2006-346T23:16:09.130
",90,890
processed/W1629930171._RC.cub,"2009-237T21:40:29.216
",0,728
processed/W1537700706._RC.cub,"2006-266T10:32:22.398
",0,939
processed/W1612724616._RC.cub,"2009-038T18:23:17.936
",90,728
processed/N1617164206._RC.cub,"2009-090T03:35:49.574
",60,750
processed/W1629930195._RC.cub,"2009-237T21:40:53.216
",90,728
processed/W1544658711._RC.cub,"2006-346T23:17:39.133
",0,939
processed/W1612724755._RC.cub,"2009-038T18:25:38.939
",90,752
processed/W1629930385._RC.cub,"2009-237T21:44:06.334
",90,752
processed/W1544658831._RC.cub,"2006-346T23:20:23.136
",90,939
processed/W1532148371._RC.cub,"2006-202T04:14:46.844
",90,890
processed/W1612724722._RC.cub,"2009-038T18:25:05.940
",0,752
processed/W1525114242._RC.cub,"2006-120T18:20:13.231
",0,752
processed/W1629930330._RC.cub,"2009-237T21:43:11.331
",0,752
processed/W1546025905._RC.cub,"2006-362T19:05:18.411
",90,890
processed/W1616856644._RC.cub,"2009-086T14:09:37.750
",0,890
processed/W1633985005._RC.cub,"2009-284T20:00:27.339
",90,939
processed/W1546026149._RC.cub,"2006-362T19:08:26.394
",0,890
processed/N1617164174._RC.cub,"2009-090T03:35:17.575
",120,750
processed/W1616856588._RC.cub,"2009-086T14:08:45.742
",90,890
processed/W1633984935._RC.cub,"2009-284T19:59:17.339
",0,939
processed/N1461307472._RC.cub,"2004-113T06:20:41.618
",IR 0,928
processed/W1616856228._RC.cub,"2009-086T14:02:17.733
",0,939
processed/W1546026457._RC.cub,"2006-362T19:14:55.204
",90,752
processed/W1633985148._RC.cub,"2009-284T20:02:59.150
",90,890
processed/W1616856338._RC.cub,"2009-086T14:04:07.732
",90,939
processed/W1553528663._RC.cub,"2007-084T15:10:16.888
",0,939
processed/W1633985172._RC.cub,"2009-284T20:03:23.149
",0,890
processed/W1546026519._RC.cub,"2006-362T19:15:56.392
",0,752
processed/W1633985189._RC.cub,"2009-284T20:03:42.897
",0,728
processed/W1616856676._RC.cub,"2009-086T14:10:21.753
",0,728
processed/W1553528703._RC.cub,"2007-084T15:11:16.892
",90,939
processed/W1616856700._RC.cub,"2009-086T14:10:53.157
",90,728
processed/W1633985206._RC.cub,"2009-284T20:03:59.897
",90,728
processed/W1553528807._RC.cub,"2007-084T15:12:52.899
",0,890
processed/W1633985257._RC.cub,"2009-284T20:04:51.137
",0,752
processed/W1616856790._RC.cub,"2009-086T14:12:24.568
",0,752
processed/W1553528839._RC.cub,"2007-084T15:13:40.907
",90,890
processed/W1633985274._RC.cub,"2009-284T20:05:08.137
",90,752
processed/W1616856823._RC.cub,"2009-086T14:12:57.568
",90,752
processed/W1553528891._RC.cub,"2007-084T15:14:41.414
",0,752
processed/W1639239319._RC.cub,"2009-345T15:31:45.895
",90,890
processed/W1553528908._RC.cub,"2007-084T15:14:59.358
",90,752
processed/W1639239359._RC.cub,"2009-345T15:32:17.899
",0,890
processed/W1617164390._RC.cub,"2009-090T03:39:00.914
",0,728
processed/W1553528966._RC.cub,"2007-084T15:15:54.130
",0,728
processed/W1617164430._RC.cub,"2009-090T03:39:40.914
",90,728
processed/W1639239029._RC.cub,"2009-345T15:26:09.878
",0,939
processed/W1553528983._RC.cub,"2007-084T15:16:13.433
",90,728
processed/W1617164530._RC.cub,"2009-090T03:41:22.525
",90,752
processed/W1639239123._RC.cub,"2009-345T15:28:07.881
",90,939
processed/W1553544366._RC.cub,"2007-084T19:32:25.813
",90,890
processed/W1617164563._RC.cub,"2009-090T03:41:55.525
",0,752
processed/N1464173869._RC.cub,"2004-146T10:32:14.961
",IR 0,938
processed/W1639239383._RC.cub,"2009-345T15:32:57.303
",0,728
processed/W1617164681._RC.cub,"2009-090T03:43:42.528
",90,939
processed/W1553544454._RC.cub,"2007-084T19:33:27.816
",0,890
processed/W1617164751._RC.cub,"2009-090T03:44:52.528
",0,939
processed/W1639239400._RC.cub,"2009-345T15:33:15.407
",90,728
processed/W1617166190._RC.cub,"2009-090T04:09:00.902
",0,728
processed/W1639239483._RC.cub,"2009-345T15:34:38.714
",0,752
processed/W1553544520._RC.cub,"2007-084T19:35:10.999
",90,752
processed/W1617166230._RC.cub,"2009-090T04:09:40.901
",90,728
processed/W1617166330._RC.cub,"2009-090T04:11:22.512
",90,752
processed/W1639239516._RC.cub,"2009-345T15:35:12.094
",90,752
processed/W1553544553._RC.cub,"2007-084T19:35:42.819
",0,752
processed/W1617166363._RC.cub,"2009-090T04:11:55.512
",0,752
processed/W1640617897._RC.cub,"2009-361T14:27:32.073
",90,939
processed/W1627107585._RC.cub,"2009-205T05:37:29.892
",0,939
processed/W1553544621._RC.cub,"2007-084T19:36:50.827
",90,728
processed/W1640617803._RC.cub,"2009-361T14:25:58.073
",0,939
processed/W1627107663._RC.cub,"2009-205T05:38:47.892
",90,939
processed/W1553544669._RC.cub,"2007-084T19:37:35.230
",0,728
processed/W1640618063._RC.cub,"2009-361T14:30:40.079
",90,890
processed/W1617166551._RC.cub,"2009-090T04:14:52.515
",0,939
processed/W1640618095._RC.cub,"2009-361T14:31:12.079
",0,890
processed/W1617166481._RC.cub,"2009-090T04:13:42.515
",90,939
processed/W1640618112._RC.cub,"2009-361T14:31:37.583
",0,728
processed/W1627107813._RC.cub,"2009-205T05:41:31.303
",90,890
processed/W1640618129._RC.cub,"2009-361T14:31:54.583
",90,728
processed/W1627107845._RC.cub,"2009-205T05:42:02.310
",0,890
processed/W1553593137._RC.cub,"2007-085T09:04:42.488
",0,939
processed/W1640618212._RC.cub,"2009-361T14:33:17.890
",0,752
processed/W1627107879._RC.cub,"2009-205T05:42:41.094
",90,728
processed/W1553593257._RC.cub,"2007-085T09:06:32.491
",0,890
processed/W1640618245._RC.cub,"2009-361T14:33:51.270
",90,752
processed/W1627107862._RC.cub,"2009-205T05:42:24.094
",0,728
processed/W1553593329._RC.cub,"2007-085T09:08:08.499
",90,890
processed/W1643376163._RC.cub,"2010-028T12:38:18.426
",0,939
processed/W1627107995._RC.cub,"2009-205T05:44:37.537
",90,752
processed/W1553593363._RC.cub,"2007-085T09:09:12.702
",0,752
processed/W1627107962._RC.cub,"2009-205T05:44:04.457
",0,752
processed/W1643376257._RC.cub,"2010-028T12:39:52.426
",90,939
processed/N1467509447._RC.cub,"2004-185T01:05:53.217
",IR 0,938
processed/W1643376423._RC.cub,"2010-028T12:43:00.432
",90,890
processed/W1629929777._RC.cub,"2009-237T21:32:51.807
",90,939
processed/W1643376455._RC.cub,"2010-028T12:43:32.432
",0,890
processed/W1629929635._RC.cub,"2009-237T21:30:29.808
",0,939
processed/W1643376472._RC.cub,"2010-028T12:43:57.936
",0,728
processed/W1643376489._RC.cub,"2010-028T12:44:14.936
",90,728
processed/N1467443267._RC.cub,"2004-184T06:43:16.667
",IR 0,928
processed/N1493966521._RC.cub,"2005-125T06:14:31.564
",60,343
processed/W1643376572._RC.cub,"2010-028T12:45:38.243
",0,752
processed/W1652985172._RC.cub,"2010-139T17:47:24.910
",0,939
processed/N1460273546._RC.cub,"2004-101T07:08:42.352
",IR 0,928
processed/W1652985266._RC.cub,"2010-139T17:48:58.909
",90,939
processed/W1643376605._RC.cub,"2010-028T12:46:11.623
",90,752
processed/N1464232938._RC.cub,"2004-147T02:57:37.572
",IR 0,938
processed/W1652985462._RC.cub,"2010-139T17:52:32.720
",90,890
processed/W1652985494._RC.cub,"2010-139T17:53:04.719
",0,890
processed/W1652985511._RC.cub,"2010-139T17:53:28.727
",0,728
processed/W1652985528._RC.cub,"2010-139T17:53:45.727
",90,728
processed/W1655742488._RC.cub,"2010-171T15:42:40.444
",90,890
processed/W1655742520._RC.cub,"2010-171T15:43:12.444
",0,890
processed/W1655742214._RC.cub,"2010-171T15:37:51.234
",0,939
processed/W1655742308._RC.cub,"2010-171T15:39:25.233
",90,939
processed/W1655742537._RC.cub,"2010-171T15:43:35.251
",0,728
processed/W1655742554._RC.cub,"2010-171T15:43:52.251
",90,728
processed/W1655742637._RC.cub,"2010-171T15:45:15.574
",0,752
processed/N1467544569._RC.cub,"2004-185T10:51:38.000
",IR 0,928
processed/W1655742670._RC.cub,"2010-171T15:45:48.694
",90,752
processed/N1467518063._RC.cub,"2004-185T03:27:07.168
",IR 0,938
processed/W1655808452._RC.cub,"2010-172T10:01:24.761
",0,939
processed/N1486913401._RC.cub,"2005-043T15:02:30.828
",0,441
processed/W1655808562._RC.cub,"2010-172T10:03:14.760
",90,939
processed/W1655808860._RC.cub,"2010-172T10:08:12.766
",90,890
processed/W1655808932._RC.cub,"2010-172T10:09:24.765
",0,890
processed/N1463905835._RC.cub,"2004-143T08:06:30.714
",IR 0,928
processed/W1655808956._RC.cub,"2010-172T10:10:30.169
",0,728
processed/W1655808980._RC.cub,"2010-172T10:10:54.169
",90,728
processed/W1655809115._RC.cub,"2010-172T10:13:11.983
",0,752
processed/W1683617359._RC.cub,"2011-129T06:40:50.782
",90,752
processed/W1683617376._RC.cub,"2011-129T06:41:07.990
",0,752
processed/W1655809170._RC.cub,"2010-172T10:14:07.287
",90,752
processed/W1683617432._RC.cub,"2011-129T06:41:38.993
",0,939
processed/N1463896635._RC.cub,"2004-143T05:32:36.763
",IR 0,938
processed/N1464242138._RC.cub,"2004-147T05:31:31.524
",IR 0,928
processed/W1683617488._RC.cub,"2011-129T06:42:34.993
",90,939
processed/W1767281626._RC.cub,"2014-001T14:36:26.236
",0,752
processed/W1767281643._RC.cub,"2014-001T14:36:43.236
",90,752
processed/W1760443741._RC.cub,"2013-287T11:12:22.574
",90,752
processed/W1760443668._RC.cub,"2013-287T11:11:11.775
",0,752
processed/W1767281843._RC.cub,"2014-001T14:39:38.247
",0,939
processed/W1767281899._RC.cub,"2014-001T14:40:34.246
",90,939
processed/N1486913828._RC.cub,"2005-043T15:10:33.844
",IR 0,750
processed/W1767334467._RC.cub,"2014-002T05:17:06.400
",90,752
processed/N1467443559._RC.cub,"2004-184T06:48:05.654
",IR 0,928
processed/N1477472212._RC.cub,"2004-300T08:30:09.282
",IR 0,938
processed/W1767334450._RC.cub,"2014-002T05:16:50.221
",0,752
processed/N1475760918._RC.cub,"2004-280T13:09:36.450
",IR 0,938
processed/W1767334611._RC.cub,"2014-002T05:19:13.915
",0,939
processed/W1767334683._RC.cub,"2014-002T05:20:05.919
",90,939
processed/N1467443874._RC.cub,"2004-184T06:53:20.652
",IR 0,928
processed/N1467444206._RC.cub,"2004-184T06:58:48.642
",IR 0,928
processed/N1464233090._RC.cub,"2004-147T02:59:15.575
",IR 0,938
processed/N1493966593._RC.cub,"2005-125T06:15:39.563
",0,343
processed/N1467509519._RC.cub,"2004-185T01:07:17.224
",IR 0,928
processed/N1464173917._RC.cub,"2004-146T10:34:30.968
",IR 0,928
processed/N1463896787._RC.cub,"2004-143T05:34:14.766
",IR 0,938
processed/N1463905787._RC.cub,"2004-143T08:04:14.707
",IR 0,938
processed/N1467518135._RC.cub,"2004-185T03:30:57.172
",IR 0,928
processed/N1486913505._RC.cub,"2005-043T15:04:26.827
",60,441
processed/N1464242730._RC.cub,"2004-147T05:41:17.563
",IR 0,750
processed/N1464233138._RC.cub,"2004-147T03:01:31.583
",IR 0,928
processed/N1467449867._RC.cub,"2004-184T08:33:13.624
",IR 0,928
processed/N1467450087._RC.cub,"2004-184T08:36:53.611
",IR 0,928
processed/N1475760958._RC.cub,"2004-280T13:10:47.874
",0,51
processed/N1490966098._RC.cub,"2005-090T12:46:47.754
",IR 0,938
processed/N1467450554._RC.cub,"2004-184T08:43:36.628
",IR 0,938
processed/N1486914162._RC.cub,"2005-043T15:16:01.803
",IR 0,727
processed/N1460274922._RC.cub,"2004-101T07:31:07.335
",IR 0,938
processed/N1467450632._RC.cub,"2004-184T08:45:58.631
",IR 0,928
processed/N1463906427._RC.cub,"2004-143T08:16:16.754
",IR 0,750
processed/N1467520483._RC.cub,"2004-185T04:09:49.153
",IR 0,938
processed/N1464174509._RC.cub,"2004-146T10:44:17.008
",IR 0,750
processed/N1463896835._RC.cub,"2004-143T05:36:30.765
",IR 0,928
processed/N1493966649._RC.cub,"2005-125T06:16:43.571
",0,441
processed/N1486913609._RC.cub,"2005-043T15:06:10.826
",120,441
processed/N1467520555._RC.cub,"2004-185T04:11:17.156
",IR 0,928
processed/N1464233730._RC.cub,"2004-147T03:11:17.622
",IR 0,750
processed/N1464335270._RC.cub,"2004-148T07:23:22.902
",IR 0,938
processed/N1467453420._RC.cub,"2004-184T09:32:26.601
",IR 0,750
processed/N1467540315._RC.cub,"2004-185T09:40:27.027
",IR 0,938
processed/N1477490884._RC.cub,"2004-300T13:42:25.161
",IR 0,938
processed/N1467453524._RC.cub,"2004-184T09:33:06.608
",IR 0,938
processed/N1477472365._RC.cub,"2004-300T08:32:42.281
",IR 0,938
processed/N1477490941._RC.cub,"2004-300T13:43:22.160
",IR 0,938
processed/N1477490998._RC.cub,"2004-300T13:44:19.160
",IR 0,938
processed/N1490966208._RC.cub,"2005-090T12:48:37.726
",IR 0,938
processed/N1477491055._RC.cub,"2004-300T13:45:16.159
",IR 0,938
processed/N1490966453._RC.cub,"2005-090T12:52:42.752
",IR 0,938
processed/N1481591826._RC.cub,"2004-348T00:50:22.476
",0,343
processed/N1486914294._RC.cub,"2005-043T15:17:09.810
",IR 0,938
processed/N1460276306._RC.cub,"2004-101T07:54:42.334
",IR 0,928
processed/N1481591931._RC.cub,"2004-348T00:52:17.483
",60,343
processed/N1481592068._RC.cub,"2004-348T00:54:24.487
",120,343
processed/N1463914547._RC.cub,"2004-143T10:31:22.642
",IR 0,938
processed/N1463897427._RC.cub,"2004-143T05:46:16.761
",IR 0,750
processed/N1481629242._RC.cub,"2004-348T11:14:42.241
",IR 0,938
processed/N1464182629._RC.cub,"2004-146T12:59:22.896
",IR 0,938
processed/N1481629340._RC.cub,"2004-348T11:16:20.240
",IR 0,938
processed/N1481629438._RC.cub,"2004-348T11:17:58.239
",IR 0,938
processed/N1481629536._RC.cub,"2004-348T11:19:36.239
",IR 0,938
processed/N1481629634._RC.cub,"2004-348T11:21:14.238
",IR 0,938
processed/N1481629732._RC.cub,"2004-348T11:22:52.237
",IR 0,938
processed/N1467540371._RC.cub,"2004-185T09:41:37.031
",IR 0,928
processed/N1481629830._RC.cub,"2004-348T11:24:30.237
",IR 0,938
processed/N1481630026._RC.cub,"2004-348T11:27:46.235
",IR 0,938
processed/N1486913089._RC.cub,"2005-043T14:57:04.830
",120,343
processed/N1464241850._RC.cub,"2004-147T05:26:23.510
",IR 0,938
processed/N1467453628._RC.cub,"2004-184T09:34:50.612
",IR 0,938
processed/N1486913626._RC.cub,"2005-043T15:07:22.334
",120,569
processed/N1493966705._RC.cub,"2005-125T06:17:42.570
",60,441
processed/N1467542067._RC.cub,"2004-185T10:09:39.012
",IR 0,938
processed/N1490966563._RC.cub,"2005-090T12:54:32.723
",IR 0,938
processed/N1490966803._RC.cub,"2005-090T12:58:32.749
",IR 0,938
processed/N1490966913._RC.cub,"2005-090T13:00:22.721
",IR 0,938
processed/N1464335358._RC.cub,"2004-148T07:24:36.905
",IR 0,938
processed/N1467453706._RC.cub,"2004-184T09:37:15.615
",IR 0,928
processed/N1490967158._RC.cub,"2005-090T13:04:27.747
",IR 0,938
processed/N1490967268._RC.cub,"2005-090T13:06:17.719
",IR 0,938
processed/N1490967513._RC.cub,"2005-090T13:10:22.745
",IR 0,938
processed/N1463905547._RC.cub,"2004-143T08:01:22.701
",IR 0,938
processed/N1462772502._RC.cub,"2004-130T05:17:42.076
",IR 0,928
processed/N1463914635._RC.cub,"2004-143T10:32:36.645
",IR 0,938
processed/N1490967623._RC.cub,"2005-090T13:12:12.717
",IR 0,938
processed/N1490967858._RC.cub,"2005-090T13:16:07.742
",IR 0,938
processed/N1490967968._RC.cub,"2005-090T13:17:57.714
",IR 0,938
processed/N1490968198._RC.cub,"2005-090T13:21:47.740
",IR 0,938
processed/N1490968308._RC.cub,"2005-090T13:23:37.712
",IR 0,938
processed/N1490968553._RC.cub,"2005-090T13:27:42.738
",IR 0,938
processed/N1490968663._RC.cub,"2005-090T13:29:32.710
",IR 0,938
processed/N1486913193._RC.cub,"2005-043T14:58:48.829
",60,343
processed/N1490968908._RC.cub,"2005-090T13:33:37.736
",IR 0,938
processed/N1490969018._RC.cub,"2005-090T13:35:27.708
",IR 0,938
processed/N1490969263._RC.cub,"2005-090T13:39:32.733
",IR 0,938
processed/N1464182717._RC.cub,"2004-146T13:00:36.899
",IR 0,938
processed/N1490969373._RC.cub,"2005-090T13:41:22.705
",IR 0,938
processed/N1490969613._RC.cub,"2005-090T13:45:22.731
",IR 0,938
processed/N1490969723._RC.cub,"2005-090T13:47:12.703
",IR 0,938
processed/N1467542145._RC.cub,"2004-185T10:11:11.016
",IR 0,928
processed/N1493966761._RC.cub,"2005-125T06:18:38.570
",120,441
processed/N1490969953._RC.cub,"2005-090T13:51:02.729
",IR 0,938
processed/N1490970063._RC.cub,"2005-090T13:52:52.701
",IR 0,938
processed/N1467453723._RC.cub,"2004-184T09:37:45.819
",IR 0,750
processed/N1490970313._RC.cub,"2005-090T13:57:02.727
",IR 0,938
processed/N1490970423._RC.cub,"2005-090T13:58:52.699
",IR 0,938
processed/N1490970653._RC.cub,"2005-090T14:02:42.725
",IR 0,938
processed/N1490970763._RC.cub,"2005-090T14:04:32.696
",IR 0,938
processed/N1490971008._RC.cub,"2005-090T14:08:37.722
",IR 0,938
processed/N1486913643._RC.cub,"2005-043T15:07:39.334
",60,569
processed/N1490971118._RC.cub,"2005-090T14:10:27.694
",IR 0,938
processed/N1464335510._RC.cub,"2004-148T07:26:14.908
",IR 0,938
processed/N1490971368._RC.cub,"2005-090T14:14:37.720
",IR 0,938
processed/N1464241938._RC.cub,"2004-147T05:27:37.514
",IR 0,938
processed/N1463914835._RC.cub,"2004-143T10:36:30.656
",IR 0,928
processed/N1461308848._RC.cub,"2004-113T06:43:06.601
",IR 0,938
processed/N1490971708._RC.cub,"2005-090T14:20:17.718
",IR 0,938
processed/N1490971478._RC.cub,"2005-090T14:16:27.692
",IR 0,938
processed/N1490971818._RC.cub,"2005-090T14:22:07.690
",IR 0,938
processed/N1490972068._RC.cub,"2005-090T14:26:17.715
",IR 0,938
processed/N1490972178._RC.cub,"2005-090T14:28:07.687
",IR 0,938
processed/N1490972470._RC.cub,"2005-090T14:32:59.685
",IR 0,938
processed/N1490990801._RC.cub,"2005-090T19:39:40.583
",IR 0,938
processed/N1490990850._RC.cub,"2005-090T19:40:29.583
",IR 0,938
processed/N1490990899._RC.cub,"2005-090T19:41:18.583
",IR 0,938
processed/N1490991144._RC.cub,"2005-090T19:45:23.581
",IR 0,938
processed/N1490991193._RC.cub,"2005-090T19:46:12.581
",IR 0,938
processed/N1490991242._RC.cub,"2005-090T19:47:01.580
",IR 0,938
processed/N1490991487._RC.cub,"2005-090T19:51:06.579
",IR 0,938
processed/N1490991536._RC.cub,"2005-090T19:51:55.579
",IR 0,938
processed/N1490991585._RC.cub,"2005-090T19:52:44.578
",IR 0,938
processed/N1486913297._RC.cub,"2005-043T15:00:32.828
",0,343
processed/N1467454094._RC.cub,"2004-184T09:42:36.605
",IR 0,938
processed/N1493966449._RC.cub,"2005-125T06:13:19.564
",120,343
processed/N1467454230._RC.cub,"2004-184T09:44:34.608
",IR 0,938
processed/N1464182869._RC.cub,"2004-146T13:02:14.902
",IR 0,938
processed/N1467454308._RC.cub,"2004-184T09:47:17.611
",IR 0,928
processed/N1463905635._RC.cub,"2004-143T08:02:36.704
",IR 0,938
processed/N1464335558._RC.cub,"2004-148T07:28:30.916
",IR 0,928
processed/N1467454325._RC.cub,"2004-184T09:47:48.115
",IR 0,750
processed/N1486913660._RC.cub,"2005-043T15:07:56.034
",0,569
processed/N1467544491._RC.cub,"2004-185T10:50:02.996
",IR 0,938
processed/N1493966827._RC.cub,"2005-125T06:19:58.894
",60,569
processed/N1467454560._RC.cub,"2004-184T09:51:26.594
",IR 0,750
processed/N1467454664._RC.cub,"2004-184T09:52:06.601
",IR 0,938
processed/N1461310232._RC.cub,"2004-113T07:06:41.600
",IR 0,928
processed/N1464242090._RC.cub,"2004-147T05:29:15.517
",IR 0,938
processed/N1463914787._RC.cub,"2004-143T10:34:14.648
",IR 0,938
processed/N1467454768._RC.cub,"2004-184T09:53:50.604
",IR 0,938
processed/N1467454816._RC.cub,"2004-184T09:55:50.608
",IR 0,928
processed/N1467454833._RC.cub,"2004-184T09:56:16.412
",IR 0,750
processed/N1467455130._RC.cub,"2004-184T10:00:56.590
",IR 0,750
processed/N1467455234._RC.cub,"2004-184T10:01:36.597
",IR 0,938
processed/N1464183509._RC.cub,"2004-146T13:14:16.949
",IR 0,750
processed/N1494006709._RC.cub,"2005-125T17:24:09.306
",60,343
processed/N1467455394._RC.cub,"2004-184T10:05:23.608
",IR 0,928
processed/N1467455338._RC.cub,"2004-184T10:03:20.600
",IR 0,938
processed/N1467455411._RC.cub,"2004-184T10:05:53.816
",IR 0,750
processed/N1467455700._RC.cub,"2004-184T10:10:26.586
",IR 0,750
processed/N1464336150._RC.cub,"2004-148T07:38:16.955
",IR 0,750
processed/N1467455804._RC.cub,"2004-184T10:11:06.593
",IR 0,938
processed/N1462773878._RC.cub,"2004-130T05:40:07.060
",IR 0,938
processed/N1493966794._RC.cub,"2005-125T06:19:25.894
",120,569
processed/N1467455908._RC.cub,"2004-184T10:12:50.597
",IR 0,938
processed/N1486913724._RC.cub,"2005-043T15:08:55.037
",60,619
processed/N1463915427._RC.cub,"2004-143T10:46:16.695
",IR 0,750
processed/N1467455964._RC.cub,"2004-184T10:14:50.604
",IR 0,928
processed/N1467455981._RC.cub,"2004-184T10:15:23.612
",IR 0,750
processed/N1464182917._RC.cub,"2004-146T13:04:30.910
",IR 0,928
processed/N1464344270._RC.cub,"2004-148T09:53:22.843
",IR 0,938
processed/N1467456278._RC.cub,"2004-184T10:20:04.583
",IR 0,750
processed/N1467456382._RC.cub,"2004-184T10:20:44.590
",IR 0,938
processed/N1494006797._RC.cub,"2005-125T17:25:31.314
",0,343
processed/N1467456486._RC.cub,"2004-184T10:22:28.593
",IR 0,938
processed/N1462775262._RC.cub,"2004-130T06:03:42.058
",IR 0,928
processed/N1493966860._RC.cub,"2005-125T06:20:31.893
",0,569
processed/N1486913692._RC.cub,"2005-043T15:08:23.037
",0,619
processed/N1463923547._RC.cub,"2004-143T13:01:22.583
",IR 0,938
processed/N1467456542._RC.cub,"2004-184T10:24:28.600
",IR 0,928
processed/N1467456559._RC.cub,"2004-184T10:25:01.608
",IR 0,750
processed/N1464232850._RC.cub,"2004-147T02:56:23.569
",IR 0,938
processed/N1464344358._RC.cub,"2004-148T09:54:36.847
",IR 0,938
processed/N1467471576._RC.cub,"2004-184T14:34:54.491
",IR 0,938
processed/N1463896547._RC.cub,"2004-143T05:31:22.759
",IR 0,938
processed/N1494006869._RC.cub,"2005-125T17:26:55.317
",0,441
processed/N1467471648._RC.cub,"2004-184T14:36:10.490
",IR 0,928
processed/N1463923787._RC.cub,"2004-143T13:04:14.590
",IR 0,938
processed/N1486913756._RC.cub,"2005-043T15:09:27.037
",120,619
processed/N1493966940._RC.cub,"2005-125T06:21:49.377
",60,619
processed/N1464344510._RC.cub,"2004-148T09:56:14.850
",IR 0,938
processed/N1494006941._RC.cub,"2005-125T17:28:11.316
",60,441
processed/N1463923635._RC.cub,"2004-143T13:02:36.587
",IR 0,938
processed/N1493966900._RC.cub,"2005-125T06:21:08.777
",0,619
processed/N1464344558._RC.cub,"2004-148T09:58:30.857
",IR 0,928
processed/N1494007013._RC.cub,"2005-125T17:29:23.316
",120,441
processed/N1463923835._RC.cub,"2004-143T13:06:30.597
",IR 0,928
processed/N1493966980._RC.cub,"2005-125T06:22:29.377
",120,619
processed/N1464345150._RC.cub,"2004-148T10:08:16.896
",IR 0,750
processed/N1463924427._RC.cub,"2004-143T13:16:16.636
",IR 0,750
processed/N1494007046._RC.cub,"2005-125T17:30:17.500
",120,569
processed/N1493967110._RC.cub,"2005-125T06:24:36.948
",IR 0,750
processed/N1464353270._RC.cub,"2004-148T12:23:22.785
",IR 0,938
processed/N1463974248._RC.cub,"2004-144T03:06:23.253
",IR 0,938
processed/N1494007079._RC.cub,"2005-125T17:30:50.500
",60,569
processed/N1493967324._RC.cub,"2005-125T06:28:01.539
",IR 0,727
processed/N1464353358._RC.cub,"2004-148T12:24:36.788
",IR 0,938
processed/N1467453990._RC.cub,"2004-184T09:41:56.598
",IR 0,750
processed/N1757695008._RC.cub,"2013-255T15:40:28.189
",60,569
