Time,Intensity,SpacecraftAzimuth,Polarization Angle,Wavelength
2004-05-23 03:10:05.259000+00:00,0.0015205649,39.921820645341,IR,938
2004-05-23 03:08:00.257000+00:00,0.0018122697,39.88971210209,IR,938
2004-05-23 03:11:37.267000+00:00,0.00020661308,39.945625153665,IR,928
2004-05-23 03:21:26.306000+00:00,0.00030562287,40.097353798962,IR,750
2004-05-23 05:36:39.195000+00:00,0.0018496236,42.245084988344,IR,938
2004-05-23 05:38:00.198000,0.0016198907,42.267089043321,IR,938
2004-05-23 05:40:05.201000+00:00,0.0015181412,42.30106758914,IR,938
2004-05-23 05:41:37.208000+00:00,0.00018990919,42.326250177646,IR,928
2004-05-23 05:51:26.247000+00:00,0.00030809033,42.486819128897,IR,750
2004-05-24 07:34:38.586000+00:00,0.001744321,76.118334858605,IR,938
2004-05-24 07:35:59.589000+00:00,0.0016689531,76.154720893942,IR,938
2004-05-24 07:38:04.592000+00:00,0.0023088271,76.210888214251,IR,938
2004-05-24 07:39:36.600000+00:00,0.00015434435,76.252313336196,IR,928
2004-05-24 07:49:25.639000+00:00,0.00035205341,76.51732510738,IR,750
2004-05-24 10:04:39.527000+00:00,0.0014635557,80.209321749986,IR,938
2004-05-24 10:06:00.531000+00:00,0.0016020081,80.246533364115,IR,938
2004-05-24 10:08:05.533000+00:00,0.0013250773,80.303968979659,IR,938
2004-05-24 10:09:37.541000+00:00,0.00019604011,80.346304353742,IR,928
2004-05-24 10:19:26.580000,0.00039922286,80.617200449067,IR,750
2004-05-24 12:34:39.469000+00:00,0.002931976,84.376617639311,IR,938
2004-05-24 12:38:05.475000+00:00,0.0031538727,84.472653996352,IR,938
2004-05-24 12:49:26.521000+00:00,0.00054205925,84.790333853491,IR,750
2005-05-05 17:23:13.307000+00:00,5.3309541e-05,20.400381929163,120,343
2004-05-24 15:02:09.411000+00:00,0.0020013114,88.517832788423,IR,938
2004-05-24 15:03:30.414000+00:00,0.0018046937,88.555833380937,IR,938
2004-05-24 15:05:35.417000+00:00,0.0013203232,88.614477048617,IR,938
2004-05-24 15:07:07.425000+00:00,0.00015919426,88.657649761972,IR,928
2005-05-05 17:31:23.719000+00:00,0.0001324055,20.405161063574,0,569
2004-05-25 02:59:39.131000+00:00,0.0022277043,108.20643856516,IR,938
2005-05-05 17:32:09.523000+00:00,0.00013213239,20.405621739541,0,619
2004-05-25 03:01:00.134000+00:00,0.002270584,108.24147146226,IR,938
2005-05-05 17:32:50.430000+00:00,0.00020544083,20.406036459127,60,619
2004-05-25 03:03:05.137000+00:00,0.0021046295,108.29551248297,IR,938
2004-05-25 03:04:37.144000+00:00,0.0004858126,108.33518217373,IR,928
2004-05-25 03:14:26.183000+00:00,0.0014833023,108.58939167103,IR,750
2005-05-05 17:33:30.430000+00:00,0.00027255167,20.406437207257,120,619
2004-05-25 05:29:39.072000+00:00,0.028384019,112.02921242773,IR,938
2005-05-05 17:35:38.190000+00:00,0.00017513541,20.407731908761,IR,750
2004-05-25 05:31:00.075000+00:00,0.024820026,112.06295567746,IR,938
2004-05-25 05:33:05.078000+00:00,0.030883063,112.11500386483,IR,938
2004-05-25 05:34:37.086000+00:00,0.0059144925,112.15319001122,IR,928
2004-05-25 05:44:26.125000+00:00,0.007613576,112.39795495596,IR,750
2004-05-25 07:59:39.013000,0.012182132,115.70130228538,IR,938
2004-05-25 08:01:00.017000+00:00,0.02989001,115.73363032402,IR,938
2004-05-25 08:03:05.020000+00:00,0.013294989,115.78349217242,IR,938
2005-05-05 17:39:37.281000+00:00,0.00026166462,20.410204414556,IR,727
2004-05-25 08:04:37.027000+00:00,0.00099820236,115.82005458205,IR,928
2004-05-25 08:14:26.066000+00:00,0.031443678,116.05448116696,IR,750
2005-05-05 17:41:21.288000+00:00,0.00011075227,20.411301007561,IR,938
2004-05-25 10:29:38.955000+00:00,0.014275564,119.21139184849,IR,938
2006-03-20 14:36:01.386000+00:00,0.00012451879,149.99800392699,120,343
2004-05-25 10:30:59.958000+00:00,0.0061250906,119.24222587258,IR,938
2006-03-20 14:36:33.386000+00:00,0.00011687532,149.9998276845,60,343
2006-03-20 14:37:11.893000+00:00,0.0001750543,150.0020562965,0,343
2006-03-20 14:37:59.397000+00:00,0.00038883949,150.10551423676,0,441
2006-03-20 14:38:55.396000+00:00,0.0001534185,150.10874480943,60,441
2006-03-20 14:39:51.396000+00:00,0.00027408192,150.1119537305,120,441
2006-03-20 14:40:23.650000+00:00,0.00028380714,150.16434262517,120,569
2006-03-20 14:40:56.650000+00:00,0.00020010419,150.16623085394,60,569
2006-03-20 14:41:35.803000+00:00,0.00027777618,150.16846597814,0,569
2006-03-20 14:42:22.011000+00:00,0.00052784407,150.17108390114,0,619
2006-12-25 15:08:01.152000+00:00,0.013480092,197.25897724304,120,343
2006-03-20 14:43:10.010000+00:00,0.00027812013,150.17378520909,60,619
2006-12-25 15:10:01.151000+00:00,0.012478282,197.26977998567,60,343
2006-03-20 14:48:58.428000+00:00,0.00064324395,150.14208758312,IR,727
2006-12-25 15:12:01.150000+00:00,0.0073362067,197.28059716455,0,343
2006-03-20 14:43:58.010000+00:00,0.00039186256,150.17647464771,120,619
2006-12-25 15:13:25.157000+00:00,0.013562454,197.2881553769,0,441
2006-03-20 14:46:14.413000+00:00,0.00063577475,150.18401956446,IR,750
2006-03-20 14:50:04.427000+00:00,0.00077570928,150.14556616697,IR,938
2006-12-25 15:14:37.157000+00:00,0.022754891,197.29464484562,60,441
2006-12-25 15:15:49.156000+00:00,0.021779673,197.30113674937,120,441
2006-12-25 15:16:37.560000+00:00,0.045617189,197.30550930381,120,569
2006-12-25 15:17:10.560000+00:00,0.05290246,197.30848342657,60,569
2006-12-25 15:17:43.560000+00:00,0.029316893,197.31146300694,0,569
2006-12-25 15:18:29.363000+00:00,0.042365897,197.31559346973,0,619
2006-12-25 15:19:17.363000+00:00,0.066558123,197.31992177662,60,619
2006-12-25 15:20:05.363000+00:00,0.05842508,197.32425640661,120,619
2006-12-25 15:22:25.134000+00:00,0.087225288,197.33687984828,IR,750
2006-12-25 15:27:37.125000+00:00,0.059938379,197.36507247763,IR,727
2006-12-25 15:29:47.131000+00:00,0.1003914,197.37682656973,IR,938
2007-12-23 09:04:54.835000+00:00,0.0010721104,358.47834323837,120,343
2007-12-23 09:06:38.835000+00:00,0.0012182962,358.48697817036,60,343
2007-03-12 22:39:25.757000+00:00,0.00066960696,356.89591237307,120,619
2007-12-23 09:10:06.833000+00:00,0.0011433725,358.50424296175,0,441
2007-12-23 09:08:22.834000+00:00,0.00089102372,358.495597587,0,343
2007-03-29 00:28:02.048000+00:00,0.0028150668,358.9839285588,120,343
2007-03-29 00:29:14.048000+00:00,0.0029085577,358.98941539805,60,343
2007-12-23 09:11:50.832000+00:00,0.0014653106,358.51287068416,60,441
2007-12-23 09:13:34.832000+00:00,0.0014357208,358.52149635862,120,441
2007-03-29 00:30:26.047000+00:00,0.0022543205,358.99488531668,0,343
2007-03-29 00:32:01.055000+00:00,0.0034915176,359.00213604941,0,441
2007-12-23 09:15:13.839000+00:00,0.0016649228,358.49262399604,60,569
2007-03-29 00:33:45.054000+00:00,0.0045069535,359.01005144858,60,441
2007-03-29 00:35:29.053000+00:00,0.004348977,359.01796502004,120,441
2007-03-29 00:36:13.157000+00:00,0.0096734595,358.97926375626,120,569
2007-12-23 09:14:18.839000+00:00,0.0014011844,358.48807028482,120,569
2007-03-29 00:36:46.157000+00:00,0.0091395378,358.98177215828,60,569
2007-12-23 09:16:08.839000+00:00,0.0015051874,358.49717382078,0,569
2007-03-29 00:37:19.057000+00:00,0.0083439108,358.98426874983,0,569
2007-03-29 00:38:03.060000+00:00,0.0097697135,358.98761234996,0,619
2007-12-23 09:17:15.742000+00:00,0.0020279964,358.50271179869,0,619
2007-03-29 00:38:51.960000+00:00,0.010652305,358.99132867477,60,619
2007-12-23 09:18:25.741000+00:00,0.0022817131,358.50850643682,60,619
2007-12-23 09:19:35.741000+00:00,0.0021225337,358.51429678542,120,619
2007-12-23 09:27:00.806000+00:00,0.002173984,358.55110899283,IR,727
2007-12-23 09:22:25.316000+00:00,0.0023508039,358.52832346638,IR,750
2008-01-08 16:35:19.874000+00:00,0.00071485766,3.859371335869,120,343
2007-12-23 09:28:54.806000+00:00,0.0032997793,358.56053798187,IR,938
2006-07-05 01:49:44.718000+00:00,0.029693248,0.21291114055369,IR,727
2006-07-05 01:51:54.725000+00:00,0.032191988,0.22402654738043,IR,938
2008-01-08 16:36:36.877000+00:00,0.0014865107,3.8658907551877,60,343
2008-01-08 16:38:15.884000+00:00,0.0014726195,3.8742546205793,0,343
2008-01-08 16:40:29.991000+00:00,0.0022901206,3.8441800670999,120,569
2008-01-08 16:41:24.995000+00:00,0.0035526636,3.8488231113415,60,569
2008-01-08 16:42:19.894000+00:00,0.0034259567,3.8534532890575,0,569
2008-01-08 16:43:26.802000+00:00,0.0042312248,3.8591006613921,0,619
2008-01-08 16:44:36.801000+00:00,0.0039513283,3.8650098929122,60,619
2009-03-31 04:00:05.645000+00:00,0.004556471,180.58699147099,60,569
2008-01-08 16:45:46.801000+00:00,0.0030559972,3.8709148671079,120,619
2011-05-12 09:42:43.795000+00:00,0.1422693,137.81271395289,60,750
2009-03-31 04:00:22.644000+00:00,0.0044388222,180.58877030875,0,569
2011-05-12 09:44:01.795000+00:00,0.14687894,137.81552492646,120,750
2009-03-31 04:01:15.452000+00:00,0.0022101644,180.59427931629,120,619
2008-01-08 16:48:35.400000+00:00,0.0080520594,3.8851390641967,IR,750
2011-05-16 15:59:37.970000+00:00,0.011773305,171.92614366483,0,750
2009-03-31 04:01:47.452000+00:00,0.005608133,180.59761444528,60,619
2008-01-20 14:31:57.605000+00:00,0.00040722487,194.85070583215,120,343
2011-05-16 16:00:59.477000+00:00,0.020086145,171.93324629623,60,750
2009-03-31 04:02:19.451000+00:00,0.0056000636,180.60095598738,0,619
2009-03-31 04:03:16.159000+00:00,0.0018341655,180.60687553605,120,619
2011-05-16 16:02:15.976000+00:00,0.017242812,171.9399124632,120,750
2008-01-20 14:33:09.604000+00:00,0.00049386761,194.86206088244,60,343
2009-03-31 04:03:48.159000+00:00,0.0051144138,180.61020213004,60,619
2009-03-31 04:04:20.158000+00:00,0.0053725275,180.6135365677,0,619
2011-05-16 16:03:47.980000+00:00,0.015854258,171.94788237841,IR,750
2008-01-20 14:34:48.612000+00:00,0.00027330345,194.87770664431,0,343
2009-03-31 04:05:22.558000+00:00,0.0051958784,180.62006801253,120,750
2008-01-20 14:36:32.611000+00:00,0.00040419996,194.89411636279,0,441
2009-03-31 04:05:54.558000+00:00,0.0098393159,180.62339655095,60,750
2009-03-31 04:06:26.557000+00:00,0.010037879,180.62672367849,0,750
2011-12-26 08:46:59.154000+00:00,0.012170131,162.3019970377,60,750
2008-01-20 14:38:16.610000+00:00,0.00066547527,194.91055878176,60,441
2008-01-20 14:40:00.609000+00:00,0.00061414379,194.92701374087,120,441
2011-12-26 08:48:15.654000+00:00,0.015829461,162.30954091387,120,750
2009-03-31 04:07:30.557000+00:00,0.0027154423,180.63337422816,120,727
2012-01-08 01:02:25.224000+00:00,0.085228585,138.74255950503,0,750
2008-01-20 14:40:44.713000+00:00,0.00067303475,194.98215026145,120,569
2009-03-31 04:08:02.557000+00:00,0.0061770454,180.63669754998,60,727
2012-01-08 01:03:43.224000+00:00,0.088516727,138.75390407656,60,750
2008-01-20 14:41:39.713000+00:00,0.00066426222,194.99086150783,60,569
2009-03-31 04:08:34.557000+00:00,0.0066770515,180.64001957211,0,727
2012-01-08 01:05:01.223000+00:00,0.097676545,138.76524749899,120,750
2012-01-09 18:32:23.779000+00:00,0.061739929,157.62128935993,0,750
2009-03-31 04:25:46.014000+00:00,0.0006563901,180.7463872399,120,343
2012-01-09 18:33:43.279000+00:00,0.053437911,157.6297327571,60,750
2012-01-09 18:35:01.278000+00:00,0.058804475,157.63801528446,120,750
2008-01-20 14:42:34.612000+00:00,0.00053399173,194.99956453637,0,569
2009-03-31 04:26:26.014000+00:00,0.0018120647,180.75047972331,60,343
2008-01-20 14:43:41.516000+00:00,0.0008238033,195.01016985839,0,619
2009-03-31 04:27:06.013000+00:00,0.00085481227,180.75458441475,0,343
2005-03-31 11:52:08.748000+00:00,0.0044014272,151.67013544731,90,939
2008-01-20 14:44:51.515000+00:00,0.0011923,195.02126964394,60,619
2009-03-31 04:28:05.425000+00:00,0.0010742674,180.76064574432,120,441
2005-03-31 12:15:00.739000+00:00,0.0045632222,152.07267468027,90,939
2005-03-31 11:57:27.746000+00:00,0.0027483529,151.76357217253,0,939
2009-03-31 04:28:37.425000+00:00,0.0029365113,180.76392090958,60,441
2005-03-31 12:20:37.737000+00:00,0.0030759948,152.17185531508,0,939
2005-03-31 12:55:13.723000+00:00,0.0036602481,152.78684020601,0,939
2008-01-20 14:46:01.515000+00:00,0.0010253643,195.03237972512,120,619
2005-03-31 13:01:03.721000+00:00,0.0032674486,152.89138092221,0,939
2005-03-31 13:30:50.610000+00:00,0.001362426,153.43034077962,0,728
2008-01-20 14:48:49.586000+00:00,0.0009028347,195.05907403366,IR,750
2005-03-31 13:19:17.414000+00:00,0.0022576111,153.22004997502,90,728
2005-03-31 13:36:08.708000+00:00,0.0031162614,153.52751166894,0,939
2008-01-20 14:53:10.576000+00:00,0.00061397243,195.10058032152,IR,727
2008-11-15 11:41:23.863000+00:00,0.0058547803,159.15918098187,120,441
2005-03-31 13:42:03.705000+00:00,0.0030250654,153.63631374698,0,939
2005-03-31 14:17:48.692000+00:00,0.0019803992,154.30632705474,0,752
2008-11-15 11:44:41.861999,0.0028776212,159.14323111399,0,343
2005-03-31 13:53:33.701000+00:00,0.0010396614,153.84931831621,0,890
2008-11-15 11:48:41.860000+00:00,0.0035459329,159.12371108345,60,343
2008-11-15 11:52:10.859000+00:00,0.0035491069,159.10659012828,120,343
2009-03-31 03:25:46.040000+00:00,0.00078307418,180.36905769627,120,343
2005-03-31 14:29:25.587000+00:00,0.0013452836,154.52978948239,0,728
2009-03-31 03:26:26.039000+00:00,0.00082009734,180.37333889092,60,343
2010-03-05 20:36:49.721000+00:00,0.096141487,28.313947519681,60,51
2010-03-05 19:54:01.689000+00:00,0.091152392,28.251657295977,0,51
2009-03-31 03:27:06.039000+00:00,0.0021527743,180.37763217205,0,343
2010-04-24 02:55:33.141000+00:00,0.062138528,18.355497916379,0,51
2012-01-21 00:29:25.095000+00:00,0.1471269,19.912133027529,0,750
2009-03-31 03:28:05.450000,0.0013712851,180.38397274527,120,441
2010-03-05 21:21:17.702000+00:00,0.094544843,28.385957212368,120,51
2012-01-21 00:30:43.095000+00:00,0.096727364,19.92246153656,60,750
2010-04-24 02:56:35.464000+00:00,0.087576471,18.363930537338,60,51
2009-03-31 03:28:37.450000,0.0013383041,180.38739807083,60,441
2009-03-31 03:29:09.450000,0.0032429553,180.39082337911,0,441
2012-01-21 00:32:01.094000+00:00,0.1119359,19.932792224535,120,750
2010-04-24 02:57:36.408000+00:00,0.092437252,18.372177720701,120,51
2009-03-31 03:29:48.654000+00:00,0.002588171,180.39502199672,120,569
2012-01-23 00:04:23.510000+00:00,0.11001901,51.880300377964,0,750
2010-04-24 02:58:08.998000+00:00,0.043468554,18.376588394705,IR,51
2005-04-16 10:49:53.998000+00:00,0.0024526587,155.40999471129,0,890
2012-01-23 00:05:43.009000+00:00,0.11981066,51.901171913241,60,750
2009-03-31 03:30:05.657000+00:00,0.0025290193,180.3968357916,60,569
2005-04-16 10:51:44.006000+00:00,0.0011192164,155.43471678585,90,890
2010-06-13 13:04:47.418000,0.099407695,90.212347263524,IR,51
2012-01-23 00:07:01.009000+00:00,0.13142525,51.921656413471,120,750
2010-06-13 13:05:56.371000+00:00,0.10585327,90.235481164385,0,51
2005-04-16 10:57:41.976000,0.0056161974,155.51503200638,0,939
2012-01-25 00:10:25.913000+00:00,0.13574451,104.96707738042,0,750
2009-03-31 03:30:22.657000+00:00,0.0055609923,180.3986559855,0,569
2010-06-13 13:06:58.051000+00:00,0.059517808,90.256173873001,60,51
2009-03-31 03:31:15.469000,0.0033829222,180.40429336483,120,619
2010-06-13 13:08:00.150000+00:00,0.059211228,90.277006112048,120,51
2009-03-31 03:31:47.468000+00:00,0.0033786998,180.40770577231,60,619
2012-01-25 00:11:56.416000+00:00,0.098112002,104.99194492379,60,750
2005-04-16 10:59:27.983000+00:00,0.0035712423,155.53877624435,90,939
2010-06-25 22:32:12.714000+00:00,0.082559146,22.88126514273,0,51
2009-03-31 03:32:19.468000+00:00,0.0067558172,180.41112469457,0,619
2009-03-31 03:33:48.175000+00:00,0.0031473541,180.42058437948,60,619
2010-06-25 22:34:16.717000+00:00,0.074354313,22.895583907212,120,51
2009-03-31 03:33:16.176000+00:00,0.0028970863,180.41718091801,120,619
2005-04-16 12:20:37.925000,0.00523239,156.61184298856,0,939
2010-06-25 22:33:14.657000+00:00,0.1032587,22.888417058372,60,51
2009-03-31 03:34:20.175000+00:00,0.0067525418,180.42399578666,0,619
2010-06-25 22:35:37.770000,0.067083791,22.904946264836,IR,51
2009-03-31 03:36:26.574000+00:00,0.010698576,180.43748545603,0,750
2010-06-28 22:19:04.872000+00:00,0.07664001,74.091003004275,0,51
2005-04-16 12:22:38.924000+00:00,0.0038502025,156.63811498089,90,939
2009-03-31 03:37:30.574000+00:00,0.0035821155,180.44428856018,120,727
2005-04-16 12:40:32.817000+00:00,0.0021024954,156.87046180596,0,728
2009-03-31 03:38:02.573000+00:00,0.0038828764,180.44768789211,60,727
2010-06-28 22:20:06.655000+00:00,0.050264392,74.109500557875,60,51
2005-04-16 12:42:35.616000+00:00,0.0014743542,156.89696817576,90,728
2009-03-31 03:38:34.573000+00:00,0.0074756029,180.45108592364,0,727
2010-06-28 22:21:08.745000+00:00,0.033718862,74.128091923231,120,51
2009-03-31 03:55:46.027000+00:00,0.00039557135,180.55984712147,120,343
2005-04-16 12:59:49.910000+00:00,0.0019419777,157.11970033015,0,890
2009-03-31 03:56:26.027000+00:00,0.0014344808,180.56403028836,60,343
2009-03-31 03:57:06.026000+00:00,0.0016062022,180.56822550348,0,343
2005-04-16 13:01:50.909000+00:00,0.0012187449,157.14568983075,90,890
2009-03-31 03:58:05.438000+00:00,0.0005883124,180.57442100236,120,441
2005-04-16 13:19:47.902000+00:00,0.0030746784,157.37643097129,0,752
2009-03-31 03:58:37.437000+00:00,0.0023880114,180.57776818491,60,441
2010-06-28 22:22:29.932000,0.066910967,74.152404292916,IR,51
2009-03-31 03:59:09.437000+00:00,0.0026524328,180.58111556527,0,441
2011-03-09 14:16:52.124000+00:00,0.077285036,30.060538533053,120,750
2005-04-16 13:21:49.151000+00:00,0.0020408197,157.40236820409,90,752
2011-03-11 13:59:22.040000+00:00,0.051150396,77.737935982427,0,750
2009-03-31 03:59:48.641000+00:00,0.001679101,180.58521886166,120,569
2011-03-11 14:00:50.043000+00:00,0.06805151,77.771424738129,60,750
2006-01-15 17:59:40.401000+00:00,0.0052952408,108.27386954355,90,939
2011-03-11 14:02:22.046000+00:00,0.061344154,77.806440736322,120,750
2006-02-26 23:21:00.229000+00:00,0.026259514,138.77401354679,90,890
2011-03-29 18:19:16.118000+00:00,0.010297213,157.07391705648,0,750
2006-02-26 23:59:12.465000+00:00,0.06610284,139.6766581794,0,752
2011-03-29 18:20:43.122000+00:00,0.005272775,157.08464546899,60,750
2011-03-29 18:22:17.121000+00:00,0.0032933683,157.09623287008,120,750
2006-02-27 00:18:01.408000+00:00,0.041474141,140.12084775643,90,728
2005-08-21 22:30:04.541000+00:00,0.0034383542,154.81217888431,0,939
2011-04-12 11:03:59.644000+00:00,0.12406859,64.242385037044,0,750
2005-08-21 22:32:04.540000+00:00,0.0049311919,154.84149162476,90,939
2011-04-12 11:05:29.647000+00:00,0.06919422,64.269995754474,60,750
2011-04-12 11:07:03.646000+00:00,0.068664268,64.29883896451,120,750
2011-04-25 17:29:24.395000+00:00,0.13353117,35.365685828745,0,750
2005-09-06 23:34:52.686000+00:00,0.0027265719,155.91226236095,0,890
2011-04-25 17:30:43.895000+00:00,0.13526686,35.380088172396,60,750
2005-09-06 23:36:38.693000+00:00,0.0015978754,155.93297457847,90,890
2011-04-25 17:32:00.394000+00:00,0.14076222,35.393952293328,120,750
2011-05-12 09:41:25.796000+00:00,0.15584479,137.80991117938,0,750
2005-09-06 23:43:04.660000+00:00,0.0067570307,156.00806167307,0,939
2005-09-06 23:44:50.663000+00:00,0.0045105326,156.02859312482,90,939
2005-09-07 00:30:30.634000+00:00,0.0074627372,156.54517269004,0,939
2006-05-20 17:58:05.730000+00:00,0.0011610418,104.74283275177,0,890
2005-09-07 00:33:03.633000+00:00,0.0052777999,156.57319471171,90,939
2006-05-20 17:59:54.738000+00:00,0.00085372163,104.83431258381,90,890
2006-05-20 18:00:39.991000+00:00,0.001407887,104.87214718075,90,752
2005-12-26 13:29:45.578000+00:00,0.016169911,153.21186118333,90,890
2006-05-20 18:01:18.845000+00:00,0.002152876,104.90461510976,0,752
2005-12-26 13:36:10.575000+00:00,0.016810505,153.40667425333,0,890
2006-05-20 18:03:15.760000+00:00,0.0014777203,105.00205304677,0,728
2005-12-26 13:49:27.820000+00:00,0.029595949,153.81999439453,90,752
2006-05-20 18:03:59.864000+00:00,0.0011022809,105.03870984213,90,728
2005-12-26 13:55:27.818000+00:00,0.031527076,154.01142967874,0,752
2006-05-20 18:56:24.704000+00:00,0.0013361061,107.52577626947,0,890
2006-05-20 18:58:13.708000+00:00,0.00086243713,107.60802905477,90,890
2005-12-26 14:07:35.763000+00:00,0.022372311,154.40857854964,90,728
2006-05-20 18:58:58.965000+00:00,0.0014113154,107.64205731281,90,752
2006-05-20 18:59:38.119000+00:00,0.0017669036,107.67150722918,0,752
2006-05-20 19:01:34.734000+00:00,0.0013932382,107.75904733334,0,728
2006-01-15 17:57:54.394000+00:00,0.0036463784,108.19118011813,0,939
2006-05-20 19:02:18.837000+00:00,0.0010069014,107.79208889711,90,728
2007-03-26 09:09:46.906000+00:00,0.0013423015,337.88812029145,90,752
2006-05-20 20:28:47.673000+00:00,0.0012318672,111.45515608714,0,890
2006-05-20 20:30:48.680000+00:00,0.00067087985,111.53601587339,90,890
2007-03-26 09:10:32.110000+00:00,0.00051677384,337.894167254,0,728
2006-05-20 20:32:11.087000+00:00,0.0017532042,111.59089703756,0,752
2007-03-26 09:11:13.217000+00:00,0.00089477631,337.89965357496,90,728
2006-05-20 20:31:32.084000+00:00,0.0010787304,111.5648980275,90,752
2006-05-20 20:34:07.702000+00:00,0.001142221,111.66852669323,0,728
2006-05-20 20:34:51.806000+00:00,0.00093917357,111.69784761663,90,728
2006-03-19 05:44:26.147000+00:00,0.00082323409,106.04460371791,90,890
2007-10-01 18:46:32.850000+00:00,0.11533473,143.30734449411,0,939
2006-05-20 21:12:02.656000+00:00,0.001099362,113.15151199122,0,890
2007-10-01 18:47:52.853000+00:00,0.10414602,143.33326109926,90,939
2006-03-19 05:45:54.150000+00:00,0.00043682737,106.11841613494,0,890
2007-10-01 18:50:09.268000+00:00,0.011775477,143.37722271223,90,728
2006-05-20 21:14:03.663000+00:00,0.00072791718,113.22879577556,90,890
2006-03-19 05:47:40.654000+00:00,0.00098825083,106.20739412137,90,752
2006-05-20 21:14:47.067000+00:00,0.0011514439,113.25638986224,90,752
2007-10-01 18:51:15.638000+00:00,0.012153951,143.3986774112,0,752
2006-05-20 21:15:25.771000+00:00,0.0015303351,113.28105403208,0,752
2006-03-19 05:48:19.558000+00:00,0.00027616895,106.23982367903,0,752
2007-10-01 18:50:42.268000+00:00,0.0090044746,143.38788601784,0,728
2006-05-20 21:17:22.686000+00:00,0.001023304,113.35547097514,0,728
2006-03-19 05:49:33.869000+00:00,0.00040946653,106.30164573386,90,728
2007-10-01 18:51:48.638000+00:00,0.016091865,143.40934598128,90,752
2006-03-19 05:50:19.072000+00:00,0.00018576242,106.3391700976,0,728
2006-03-19 12:47:25.970000+00:00,0.00052273745,122.27848637478,90,890
2006-03-19 12:48:53.973000+00:00,0.00013391628,122.32440417413,0,890
2006-03-19 12:50:40.477000+00:00,0.00059705909,122.37976579384,90,752
2006-03-19 12:52:33.691000+00:00,0.00031843013,122.43868950697,90,728
2006-03-19 12:51:19.384000+00:00,0.00029698524,122.40002034962,0,752
2006-04-30 14:28:10.300000+00:00,0.067113079,141.26188767344,0,752
2006-04-30 14:34:25.298000+00:00,0.086039849,141.41997318996,90,752
2006-03-19 12:53:18.895000+00:00,0.00020588982,122.46218972906,0,728
2006-04-30 17:09:14.766000+00:00,0.02677493,145.76386372387,0,890
2006-04-30 14:46:16.994000+00:00,0.042669479,141.79101101296,0,728
2006-04-30 14:51:59.491000+00:00,0.060549326,141.93588325125,90,728
2006-04-30 17:15:43.764000+00:00,0.039599981,145.97474207531,90,890
2006-04-30 17:28:02.451000+00:00,0.06157634,146.38868288625,90,728
2007-12-04 14:27:42.270000+00:00,0.0024362514,150.78852712225,90,939
2006-04-30 17:35:04.949000+00:00,0.042913504,146.63447726906,0,728
2007-12-04 14:30:11.381000+00:00,0.00033397446,150.82273053151,90,728
2007-12-04 14:30:44.389000+00:00,0.00052182184,150.83032379308,0,728
2006-04-30 17:47:43.994000+00:00,0.063669071,147.0953198354,0,752
2007-12-04 14:31:17.948000+00:00,0.00049213477,150.83805144136,0,752
2006-04-30 18:13:48.134000+00:00,0.089837179,148.14427497317,90,752
2007-12-04 14:31:50.948000+00:00,0.00050527044,150.84564759208,90,752
2008-01-05 11:35:51.848000+00:00,0.0026831659,149.0419057263,90,939
2008-01-05 11:34:07.845000+00:00,0.001673792,149.0164582378,0,939
2008-01-05 11:38:26.862000+00:00,0.00059033174,149.07964323353,90,728
2008-01-05 11:38:59.966000+00:00,0.00025074912,149.08772939122,0,728
2008-01-06 06:13:00.370000+00:00,0.001657013,343.64180336085,0,939
2008-01-05 11:39:33.526000+00:00,0.00044317616,149.09593702495,0,752
2008-01-05 11:40:06.456000+00:00,0.00066702906,149.10398970834,90,752
2008-01-06 06:13:41.870000+00:00,0.0030744274,343.6479995947,90,939
2009-02-07 18:12:56.117000+00:00,0.00089193397,351.22233899283,0,939
2009-02-07 18:14:46.117000+00:00,0.0017938195,351.22964461861,90,939
2009-02-07 18:19:24.125999,0.00062494533,351.24821388329,90,890
2009-02-07 18:20:58.126000+00:00,0.00017666908,351.25451650087,0,890
2009-08-25 21:38:34.813000+00:00,0.050196864,93.449643354467,90,890
2009-08-25 21:39:46.813000+00:00,0.048559215,93.497065578886,0,890
2009-02-07 18:22:13.133000+00:00,0.00017557431,351.25963170419,0,728
2009-08-25 21:40:31.516000+00:00,0.089970253,93.526465618834,0,728
2009-02-07 18:23:19.536000+00:00,0.00045821769,351.26409386491,90,728
2009-03-31 03:35:54.574000+00:00,0.0067110015,180.43408178597,60,750
2009-08-25 21:40:55.516000+00:00,0.094241709,93.542263283018,90,728
2009-02-07 18:25:39.539000+00:00,0.00071211025,351.27352630672,90,752
2009-08-25 21:44:07.084000+00:00,0.13631473,93.681268932362,90,752
2009-02-07 18:25:06.540000+00:00,0.00044465176,351.27130294579,0,752
2006-04-30 18:20:13.981000+00:00,0.06520582,148.42926279826,0,752
2009-08-25 21:43:12.081000+00:00,0.13265891,93.644964558779,0,752
2009-03-27 14:09:48.750000+00:00,0.00064375903,347.20188215746,0,890
2009-03-31 03:35:22.575000+00:00,0.0067418376,180.43067680761,120,750
2009-03-27 14:08:54.742000+00:00,0.00014771675,347.19841556388,90,890
2004-04-22 06:20:49.118000+00:00,0.0001191124,70.314339956927,IR,928
2009-03-27 14:02:40.733000+00:00,0.0021138026,347.10586953912,0,939
2009-03-27 14:04:30.732000+00:00,0.00096317782,347.11267115326,90,939
2009-03-27 14:10:26.753000+00:00,0.00048775549,347.2044909621,0,728
2009-03-27 14:10:54.457000+00:00,0.0001794634,347.20626045212,90,728
2009-03-27 14:12:25.168000,0.00084814883,347.14223129044,0,752
2009-03-27 14:12:58.168000,0.00054753362,347.14428297314,90,752
2009-12-11 15:31:50.895000+00:00,0.01119292,148.2225828076,90,890
2009-12-11 15:32:26.899000+00:00,0.009603085,148.23480606494,0,890
2009-03-31 03:39:02.214000+00:00,0.005324753,180.16972584109,0,728
2009-03-31 03:39:42.214000+00:00,0.0012988673,180.1739880367,90,728
2009-12-11 15:26:37.878000+00:00,0.017516714,148.2168901922,0,939
2009-03-31 03:41:23.025000+00:00,0.0024673254,180.18469330721,90,752
2009-12-11 15:28:23.881000+00:00,0.023250045,148.25254984804,90,939
2009-03-31 03:41:56.025000+00:00,0.007616723,180.18817111644,0,752
2004-05-25 10:33:04.961000+00:00,0.023177084,119.28978181118,IR,938
2009-12-11 15:32:58.603000+00:00,0.01167697,148.24533118481,0,728
2009-03-31 03:43:48.528000+00:00,0.0032732552,180.20060703037,90,939
2009-03-31 03:44:58.528000+00:00,0.0066398974,180.20798849782,0,939
2009-12-11 15:33:16.157000+00:00,0.014005309,148.25130571183,90,728
2009-03-31 04:09:02.202000+00:00,0.0041636582,180.35860953786,0,728
2009-12-11 15:34:39.314000+00:00,0.014543149,148.37868944463,0,752
2009-03-31 04:09:42.201000+00:00,0.0018826433,180.36277667205,90,728
2009-03-31 04:11:23.012000+00:00,0.0033748462,180.3732433673,90,752
2009-12-11 15:35:12.504000+00:00,0.016582806,148.38985995511,90,752
2009-03-31 04:11:56.012000+00:00,0.0058242809,180.37664331231,0,752
2009-12-27 14:27:48.073000+00:00,0.023161449,150.43336025814,90,939
2009-12-27 14:26:14.073000+00:00,0.019416593,150.40776019311,0,939
2009-12-27 14:30:45.079000+00:00,0.012812492,150.38197008454,90,890
2009-03-31 04:14:58.515000+00:00,0.004683631,180.39603204567,0,939
2009-12-27 14:31:17.079000+00:00,0.0094833113,150.39076303878,0,890
2009-03-31 04:13:48.515000+00:00,0.0027563523,180.38881455945,90,939
2009-12-27 14:31:38.333000+00:00,0.011993253,150.39636145621,0,728
2009-12-27 14:31:55.333000+00:00,0.014841881,150.40104640622,90,728
2007-03-26 09:05:05.488000+00:00,0.001829717,337.85038478974,0,939
2009-12-27 14:33:18.490000+00:00,0.016514774,150.52303808319,0,752
2007-03-26 09:07:00.491000+00:00,0.0003658974,337.8657850267,0,890
2009-12-27 14:33:51.680000+00:00,0.019203348,150.53205387935,90,752
2007-03-26 09:08:24.499000+00:00,0.00085747219,337.87701081728,90,890
2010-01-28 12:38:34.426000+00:00,0.018751098,147.77675487449,0,939
2007-03-26 09:09:13.602000+00:00,0.00083704299,337.8836745032,0,752
2010-01-28 12:40:08.426000+00:00,0.022627844,147.79587246082,90,939
2010-01-28 12:43:05.432000+00:00,0.014056602,147.7276153966,90,890
2009-08-25 21:33:25.807000+00:00,0.14233527,93.257097973521,90,939
2010-01-28 12:43:37.432000+00:00,0.0098550208,147.73416950229,0,890
2009-08-25 21:31:03.808000+00:00,0.13660161,93.162890605397,0,939
2010-01-28 12:43:58.686000+00:00,0.012557254,147.7382676153,0,728
2010-01-28 12:44:15.686000+00:00,0.016482383,147.74176071426,90,728
2010-01-28 12:45:38.843000,0.015745506,147.86247516047,0,752
2010-05-19 17:47:37.910000+00:00,0.019690936,145.02604881027,0,939
2010-05-19 17:49:11.909000+00:00,0.021783218,145.05498169555,90,939
2010-01-28 12:46:12.033000,0.019209448,147.86914949567,90,752
2004-05-26 02:58:00.572000+00:00,0.0045034648,138.20554425007,IR,938
2010-05-19 17:52:36.820000,0.011399903,145.01406062977,90,890
2010-05-19 17:53:08.819000+00:00,0.010600801,145.02398575792,0,890
2010-05-19 17:53:29.327000+00:00,0.0094387708,145.03009413464,0,728
2010-05-19 17:53:46.327000+00:00,0.010730007,145.03538114695,90,728
2010-06-20 15:42:43.844000+00:00,0.015730724,149.77889402238,90,890
2010-06-20 15:43:15.844000+00:00,0.014774073,149.7877151694,0,890
2010-06-20 15:38:02.234000+00:00,0.024301456,149.80224339289,0,939
2010-06-20 15:39:36.233000+00:00,0.026755171,149.82792761988,90,939
2010-06-20 15:43:35.751000+00:00,0.010015205,149.7929589885,0,728
2010-06-20 15:43:52.751000+00:00,0.010506519,149.79765905037,90,728
2010-06-20 15:45:15.914000+00:00,0.012900859,149.92042277507,0,752
2010-06-20 15:45:48.974000+00:00,0.013809906,149.92943203761,90,752
2011-05-09 06:40:51.382000+00:00,0.1057939,105.49469872006,90,752
2011-05-09 06:41:08.490000+00:00,0.16036525,105.50683758225,0,752
2011-05-09 06:41:51.993000+00:00,0.17135486,105.53783098257,0,939
2004-05-22 05:32:59.763000,0.0029278062,23.853683934142,IR,938
2004-05-26 05:31:37.524000+00:00,0.0043681934,140.57129296042,IR,928
2011-05-09 06:42:47.993000+00:00,0.11192388,105.57752579553,90,939
2014-01-01 14:36:26.736000+00:00,0.018109947,232.42055286814,0,752
2014-01-01 14:36:43.736000+00:00,0.0098714465,232.42411214967,90,752
2014-01-01 14:39:51.247000+00:00,0.020993395,232.46360995265,0,939
2014-01-01 14:40:47.246000+00:00,0.011242143,232.47538428875,90,939
2004-05-26 03:00:05.575000+00:00,0.005876028,138.23856211359,IR,938
2004-05-25 10:34:36.968000+00:00,0.002517164,119.32463590108,IR,928
2004-05-22 05:35:04.766000+00:00,0.0023020722,23.874540441947,IR,938
2004-05-22 08:05:04.707000+00:00,0.0024529691,25.409057667057,IR,938
2004-05-26 05:41:26.563000+00:00,0.00088604435,140.71787929552,IR,750
2004-05-26 03:01:37.583000+00:00,0.0025721269,138.26269934903,IR,928
2004-05-22 08:16:25.754000+00:00,0.00062548812,25.528040155136,IR,750
2004-05-25 10:44:26.008000+00:00,0.027732214,119.54817754657,IR,750
2004-05-22 05:36:36.765000+00:00,0.00024066151,23.890025248378,IR,928
2004-05-26 03:11:26.622000+00:00,0.0017102881,138.41784361869,IR,750
2004-05-27 07:23:38.902000+00:00,0.0017311973,158.55442206909,IR,938
2004-05-22 10:31:38.642000+00:00,0.0086022625,26.975084441371,IR,938
2004-05-22 05:46:25.761000+00:00,0.00090540189,23.98850421624,IR,750
2004-05-25 12:59:38.896000+00:00,0.015815467,122.55321979988,IR,938
2004-05-26 05:26:39.510000+00:00,0.011596373,140.4970710575,IR,938
2004-05-27 07:24:59.905000+00:00,0.0024737858,158.56666650781,IR,938
2004-05-22 08:01:38.701000+00:00,0.003280883,25.373185004168,IR,938
2004-05-09 05:17:49.576000+00:00,0.0033551166,109.85675574912,IR,928
2004-05-22 10:32:59.645000,0.0063577211,26.989834427853,IR,938
2004-05-25 13:00:59.899000+00:00,0.033486135,122.58252485239,IR,938
2004-05-27 07:27:04.908000+00:00,0.0023812889,158.58555371322,IR,938
2004-05-26 05:28:00.514000+00:00,0.018385144,140.51729923053,IR,938
2004-05-22 10:36:36.656000+00:00,0.0006570291,27.029515362479,IR,928
2004-04-22 06:43:29.601000+00:00,0.0016882253,70.895710153869,IR,938
2004-05-25 13:03:04.902000+00:00,0.016292864,122.62772101464,IR,938
2004-05-22 08:02:59.704000+00:00,0.0019592568,25.387286078412,IR,938
2004-05-27 07:28:36.916000+00:00,0.00024485873,158.59933885272,IR,928
2004-04-22 07:06:49.100000+00:00,0.00025663158,71.497246085225,IR,928
2004-05-26 05:30:05.517000+00:00,0.028797954,140.5484946169,IR,938
2004-05-22 10:35:04.648000+00:00,0.0040568197,27.012608447487,IR,938
2004-05-25 13:14:25.949000+00:00,0.018206678,122.87324661283,IR,750
2005-05-05 17:24:25.306000+00:00,9.892771e-05,20.401072274732,60,343
2004-05-27 07:38:25.955000+00:00,0.00049164135,158.68816967232,IR,750
2004-05-09 05:40:30.060000+00:00,0.025177537,110.43571186593,IR,938
2004-05-22 10:46:25.695000+00:00,0.0012829633,27.137078400314,IR,750
2004-05-25 13:04:36.910000+00:00,0.011669991,122.66083031952,IR,928
2004-05-27 09:53:38.843000+00:00,0.0017257459,159.88980159615,IR,938
2005-05-05 17:25:50.314000+00:00,-2.991919e-06,20.401881422877,0,343
2004-05-09 06:03:49.558000+00:00,0.0011899261,111.02758522327,IR,928
2004-05-22 13:01:38.583000+00:00,0.002314053,28.652389246046,IR,938
2004-05-26 02:56:39.569000+00:00,0.0040542115,138.18413440354,IR,938
2004-05-27 09:54:59.847000+00:00,0.0019400291,159.90159824189,IR,938
2004-05-22 05:31:38.759000+00:00,0.0033150932,23.840175049248,IR,938
2005-05-05 17:27:08.317000+00:00,0.00015357934,20.402651440452,0,441
2004-05-22 13:05:04.590000+00:00,0.0044662752,28.691719487662,IR,938
2004-05-27 09:57:04.850000+00:00,0.0012839887,159.91979494423,IR,938
2005-05-05 17:28:22.316000+00:00,0.00011372248,20.403374965745,60,441
2004-05-22 13:02:59.587000+00:00,0.0087573305,28.667849135219,IR,938
2004-05-27 09:58:36.857000+00:00,0.00027577922,159.93307598899,IR,928
2005-05-05 17:29:34.316000+00:00,0.00023671507,20.404083306564,120,441
2004-05-22 13:06:36.597000+00:00,0.00050166849,28.709437798342,IR,928
2004-05-27 10:08:25.896000+00:00,0.00055607682,160.01866840718,IR,750
2004-05-22 13:16:25.636000+00:00,0.0053288448,28.822189878262,IR,750
2005-05-05 17:30:17.910000+00:00,8.4981475e-05,20.40450643791,120,569
2004-05-23 03:06:39.253000+00:00,0.00098984328,39.868918462293,IR,938
2005-05-05 17:30:50.910000+00:00,0.000119079,20.404837107401,60,569
